,topic,word,unithood,p,x
0,0,propagator,0.6931471805599453,0.026091769337654114,0.01808543635221538
1,0,expansion,0.6931471805599453,0.023429565131664276,0.016240137012758695
2,0,lattice,0.6931471805599453,0.021275995299220085,0.014747396155261052
3,0,gluon,0.6931471805599453,0.020388593897223473,0.014132296375442157
4,0,effective,0.6931471805599453,0.020388593897223473,0.014132296375442157
5,0,finite,0.6931471805599453,0.020291196182370186,0.014064785423998619
6,0,loop,0.6931471805599453,0.019598590210080147,0.0135847075470668
7,0,theory,0.6931471805599453,0.019079135730862617,0.013224649139367934
8,0,potential,0.6931471805599453,0.017769677564501762,0.012317001903293712
9,0,qcd,0.6931471805599453,0.017607348039746284,0.012204483650887816
10,0,numerical,0.6931471805599453,0.013971167616546154,0.009684075442539377
11,0,gauge,0.6931471805599453,0.01298636943101883,0.009001465356820563
12,0,perturbative,0.6931471805599453,0.012553490698337555,0.008701416683738175
13,0,method,0.6931471805599453,0.012434449046850204,0.008618903298640518
14,0,regularization,0.6931471805599453,0.012369517236948013,0.00857389599767816
100,1,meson,0.6931471805599453,0.09560251981019974,0.06626661706086627
101,1,state,0.6931471805599453,0.044766176491975784,0.031029549019861918
102,1,resonance,0.6931471805599453,0.03322737663984299,0.023031462435310554
103,1,vector,0.6931471805599453,0.03138991817831993,0.021757833283309835
104,1,decay,0.6931471805599453,0.025965044274926186,0.017997597232279235
105,1,mass,0.6931471805599453,0.024838507175445557,0.017216741217978056
106,1,width,0.6931471805599453,0.01932613179087639,0.013395853761975895
107,1,mev,0.6931471805599453,0.019315194338560104,0.013388272497740354
108,1,pseudoscalar,0.6931471805599453,0.018144909292459488,0.012577092717584245
109,1,pion,0.6931471805599453,0.015727777034044266,0.010901664307623241
110,1,amplitude,0.6931471805599453,0.013999691233038902,0.0097038465068907
111,1,experimental,0.6931471805599453,0.01395594235509634,0.009673522095492151
112,1,channel,0.6931471805599453,0.0138793820515275,0.009620454536930596
113,1,quark,0.6931471805599453,0.01254503708332777,0.008695557084328603
114,1,wave,0.6931471805599453,0.012085672467947006,0.008377149796328424
200,2,theory,0.6931471805599453,0.09312604367733002,0.06455005461164362
201,2,gauge,0.6931471805599453,0.053325995802879333,0.03696276364131729
202,2,duality,0.6931471805599453,0.02649393118917942,0.018364193705728914
203,2,supergravity,0.6931471805599453,0.02529350481927395,0.017532121551959125
204,2,string,0.6931471805599453,0.022605227306485176,0.015668749573406887
205,2,dual,0.6931471805599453,0.019950762391090393,0.0138288147014057
206,2,action,0.6931471805599453,0.019697152078151703,0.01365302542803132
207,2,dimensional,0.6931471805599453,0.019375910982489586,0.013430358068293137
208,2,type,0.6931471805599453,0.01602824404835701,0.011109932171445385
209,2,background,0.6931471805599453,0.015926798805594444,0.011039615687443292
210,2,m-theory,0.6931471805599453,0.015707002952694893,0.0108872648117072
211,2,reduction,0.6931471805599453,0.014455853961408138,0.010020034415936368
212,2,dimension,0.6931471805599453,0.014185335487127304,0.00983252529819923
213,2,abelian,0.6931471805599453,0.014066983945667744,0.009750490260921611
214,2,field,0.6931471805599453,0.01393172424286604,0.009656735379281233
300,3,cp,0.6931471805599453,0.07650026679039001,0.05302594423784245
301,3,violation,0.6931471805599453,0.06875572353601456,0.04765783591634756
302,3,asymmetry,0.6931471805599453,0.043533071875572205,0.030174826031666324
303,3,mixing,0.6931471805599453,0.04298291355371475,0.02979348534200924
304,3,matrix,0.6931471805599453,0.03387003019452095,0.023476915934812412
305,3,lepton,0.6931471805599453,0.031683504581451416,0.02196133187089116
310,3,cp violation,1.0986122886681098,0.018042393028736115,0.01982159469834933
306,3,flavor,0.6931471805599453,0.024362163618206978,0.01688656502430024
313,3,standard model,1.0986122886681098,0.014783761464059353,0.01624162201715365
307,3,model,0.6931471805599453,0.02275400608778,0.015771875166188536
308,3,quark,0.6931471805599453,0.021949928253889084,0.0152145308826763
309,3,phase,0.6931471805599453,0.021611370146274567,0.014979860284927588
311,3,standard,0.6931471805599453,0.015446772798895836,0.010706887014304703
312,3,angle,0.6931471805599453,0.014995360746979713,0.010393992023248264
314,3,mass,0.6931471805599453,0.012964006513357162,0.008985964563494283
400,4,qcd,0.6931471805599453,0.058303799480199814,0.0404131142256329
401,4,distribution,0.6931471805599453,0.03439287468791008,0.02383932412127638
402,4,parton,0.6931471805599453,0.03284766525030136,0.022768266556223278
412,4,next-to-leading order,1.0986122886681098,0.019816929474473,0.021771122244325303
403,4,order,0.6931471805599453,0.028180178254842758,0.019533011105020936
404,4,function,0.6931471805599453,0.028164247050881386,0.019521968435912185
405,4,nlo,0.6931471805599453,0.027781927958130836,0.01925696503469791
406,4,gluon,0.6931471805599453,0.026443807408213615,0.018329450548273462
407,4,jet,0.6931471805599453,0.02386314980685711,0.016540675007902607
408,4,next-to-leading,0.6931471805599453,0.023608269169926643,0.016364005213034934
409,4,correction,0.6931471805599453,0.023448968306183815,0.016253586268470826
410,4,transverse,0.6931471805599453,0.0222542192786932,0.015425449348588971
411,4,momentum,0.6931471805599453,0.02126655913889408,0.01474085550733577
413,4,calculation,0.6931471805599453,0.01881333999335766,0.01304041357331152
414,4,perturbative,0.6931471805599453,0.015866290777921677,0.010997674718660672
500,5,correction,0.6931471805599453,0.12400341778993607,0.08595261942089115
501,5,order,0.6931471805599453,0.0691862404346466,0.047956247490817776
502,5,one-loop,0.6931471805599453,0.02738303318619728,0.01898047224819206
503,5,term,0.6931471805599453,0.025056371465325356,0.017367753236252934
504,5,contribution,0.6931471805599453,0.024174286052584648,0.016756338219398658
513,5,radiative corrections,1.0986122886681098,0.01228529866784811,0.013496780086455893
505,5,approximation,0.6931471805599453,0.01904795877635479,0.013203038921252387
506,5,qed,0.6931471805599453,0.018728362396359444,0.012981511591541449
507,5,calculation,0.6931471805599453,0.01752668060362339,0.012148569244976233
508,5,loop,0.6931471805599453,0.016567891463637352,0.011483987255843415
509,5,radiative,0.6931471805599453,0.01649118773639202,0.011430820283564876
510,5,logarithmic,0.6931471805599453,0.015570749528706074,0.010792821135027712
511,5,effective,0.6931471805599453,0.015417343936860561,0.010686488481557866
512,5,expansion,0.6931471805599453,0.013614819385111332,0.009437073670622808
514,5,expression,0.6931471805599453,0.012272514402866364,0.00850665875672814
600,6,space,0.6931471805599453,0.04577471315860748,0.03172861336682901
601,6,dimension,0.6931471805599453,0.0360771119594574,0.02500674843744338
602,6,modulus,0.6931471805599453,0.033087436109781265,0.02293446305145221
603,6,string,0.6931471805599453,0.0268317312002182,0.018598338830973563
604,6,bundle,0.6931471805599453,0.020977996289730072,0.014540838982023392
605,6,manifold,0.6931471805599453,0.020927749574184418,0.014506010612810524
606,6,vacuum,0.6931471805599453,0.02082725614309311,0.01443635387438479
607,6,extra,0.6931471805599453,0.01929473504424095,0.013374091195566786
620,6,moduli space,1.0986122886681098,0.01138088945299387,0.012503185009032348
608,6,heterotic,0.6931471805599453,0.017335115000605583,0.012015786087352175
609,6,torus,0.6931471805599453,0.017234621569514275,0.011946129348926438
610,6,instanton,0.6931471805599453,0.01718437485396862,0.01191130097971357
611,6,singularity,0.6931471805599453,0.015802592039108276,0.010953522117446938
612,6,compact,0.6931471805599453,0.015450866892933846,0.010709724824044097
613,6,theory,0.6931471805599453,0.014471056871116161,0.010030572269936791
700,7,string,0.6931471805599453,0.13429702818393707,0.09308760644327549
701,7,solution,0.6931471805599453,0.03630034998059273,0.025161485242387115
702,7,charge,0.6931471805599453,0.025743700563907623,0.017844173463052043
703,7,soliton,0.6931471805599453,0.02425818331539631,0.016814491370573257
704,7,branes,0.6931471805599453,0.022187942638993263,0.015379509882643973
705,7,configuration,0.6931471805599453,0.02171384170651436,0.015050888157995379
706,7,topological,0.6931471805599453,0.020323144271969795,0.014086930152228866
707,7,type,0.6931471805599453,0.01988065056502819,0.013780216886846773
708,7,monopoles,0.6931471805599453,0.01984904333949089,0.013758308427580272
709,7,open,0.6931471805599453,0.01776299998164177,0.012312373355561353
710,7,flux,0.6931471805599453,0.017257291823625565,0.011961843171646256
711,7,bps,0.6931471805599453,0.016767388209700584,0.011622267862908028
712,7,tachyon,0.6931471805599453,0.016514534130692482,0.01144700277095048
713,7,background,0.6931471805599453,0.01619846560060978,0.01122792076045993
714,7,vortex,0.6931471805599453,0.013322253711521626,0.009234282598845482
800,8,equation,0.6931471805599453,0.05648651719093323,0.03915347013054625
801,8,hamiltonian,0.6931471805599453,0.0482463613152504,0.03344182931794223
802,8,constraint,0.6931471805599453,0.02942565828561783,0.020396312076796392
803,8,system,0.6931471805599453,0.02679271064698696,0.01857129184451744
804,8,term,0.6931471805599453,0.023891590535640717,0.016560388618872036
805,8,formalism,0.6931471805599453,0.01750425435602665,0.012133024554684013
806,8,charge,0.6931471805599453,0.01667536236345768,0.011558480407046117
807,8,monopole,0.6931471805599453,0.01628529652953148,0.011288107374027407
808,8,dirac,0.6931471805599453,0.015529543161392212,0.010764259057702992
809,8,solution,0.6931471805599453,0.015383267775177956,0.010662868686163262
810,8,first,0.6931471805599453,0.015261372551321983,0.010578377355423772
811,8,second,0.6931471805599453,0.015115097165107727,0.010476986983884043
812,8,kinetic,0.6931471805599453,0.014700652100145817,0.010189715555608712
813,8,nonlinear,0.6931471805599453,0.014505618251860142,0.01005452839355574
814,8,part,0.6931471805599453,0.014456859789788723,0.010020731603042496
900,9,field,0.6931471805599453,0.12949691712856293,0.08976042299886827
901,9,effective,0.6931471805599453,0.11701221019029617,0.0811066835844915
902,9,theory,0.6931471805599453,0.09853995591402054,0.06830269261430465
907,9,effective field theory,1.3862943611198906,0.032974060624837875,0.045711754307438165
905,9,effective field,1.0986122886681098,0.0403204970061779,0.044296593496192777
903,9,noncommutative,0.6931471805599453,0.05435516685247421,0.037676130652657895
904,9,action,0.6931471805599453,0.04148828610777855,0.02875748854187105
908,9,effective action,1.0986122886681098,0.023844094946980476,0.026195415720921933
906,9,scalar,0.6931471805599453,0.03494868054986,0.024224579387425657
909,9,scalar field,1.0986122886681098,0.01921541430056095,0.021110290282445193
910,9,potential,0.6931471805599453,0.018429812043905258,0.012774572256482652
911,9,effective theory,1.0986122886681098,0.011125839315354824,0.012222983793595599
915,9,effective potential,1.0986122886681098,0.010064216330647469,0.011056671736663581
912,9,eft,0.6931471805599453,0.01087104994803667,0.007535237621207958
913,9,non-commutative,0.6931471805599453,0.010786120779812336,0.007476369207705959
1000,10,cosmological,0.6931471805599453,0.04668108746409416,0.03235686416120907
1001,10,gravity,0.6931471805599453,0.04493054747581482,0.03114348230387581
1002,10,constant,0.6931471805599453,0.04453269764780998,0.030867713817307997
1003,10,axion,0.6931471805599453,0.04434703290462494,0.030739020824039898
1004,10,scale,0.6931471805599453,0.035010822117328644,0.024267652639712124
1005,10,lorentz,0.6931471805599453,0.03267676755785942,0.022649809302542945
1006,10,universe,0.6931471805599453,0.032570675015449524,0.02257627155589309
1009,10,cosmological constant,1.0986122886681098,0.01713409647345543,0.01882372894096306
1007,10,violation,0.6931471805599453,0.019706860184669495,0.013659754574692703
1008,10,problem,0.6931471805599453,0.0195211973041296,0.013531062872511837
1010,10,quantum,0.6931471805599453,0.017001479864120483,0.011784527833161794
1011,10,vacuum,0.6931471805599453,0.015728360041975975,0.01090206841792735
1012,10,cosmology,0.6931471805599453,0.015224417671561241,0.010552762184709682
1013,10,time,0.6931471805599453,0.014136960729956627,0.009798994471656101
1014,10,planck,0.6931471805599453,0.01326169166713953,0.009192304188533085
1100,11,supergravity,0.6931471805599453,0.045782946050167084,0.0317343199724014
1101,11,modulus,0.6931471805599453,0.03654637560248375,0.025332017208546383
1102,11,manifold,0.6931471805599453,0.023977017030119896,0.0166196017526654
1103,11,type,0.6931471805599453,0.021348878741264343,0.014797915107623533
1104,11,space,0.6931471805599453,0.020206211134791374,0.014005878277879613
1105,11,calabi-yau,0.6931471805599453,0.018758829683065414,0.013002629905421004
1106,11,supersymmetric,0.6931471805599453,0.018454119563102722,0.01279142094488078
1107,11,geometry,0.6931471805599453,0.017863739281892776,0.01238220051750192
1108,11,supersymmetry,0.6931471805599453,0.016302092000842094,0.011299749107612535
1116,11,moduli space,1.0986122886681098,0.009293724782764912,0.01021020025384489
1109,11,topological,0.6931471805599453,0.013312109746038914,0.009227251337771442
1110,11,bps,0.6931471805599453,0.01298835314810276,0.009002840364724318
1111,11,class,0.6931471805599453,0.012245618738234043,0.008488016102618961
1112,11,curve,0.6931471805599453,0.011940906755626202,0.008276805850991505
1113,11,iib,0.6931471805599453,0.010779193602502346,0.0074715676542843005
1200,12,rule,0.6931471805599453,0.12040392309427261,0.08345763982115155
1201,12,sum,0.6931471805599453,0.11227603256702423,0.07782381541828944
1202,12,qcd,0.6931471805599453,0.06880946457386017,0.04769508636521061
1203,12,wall,0.6931471805599453,0.05679431930184364,0.0393668222958942
1204,12,domain,0.6931471805599453,0.04376949369907379,0.03033870115204929
1214,12,qcd sum rules,1.3862943611198906,0.011737512424588203,0.01627164728778128
1205,12,viscosity,0.6931471805599453,0.022742984816432,0.015764235803027486
1210,12,qcd sum,1.0986122886681098,0.01219186745584011,0.01339413540879875
1206,12,quark,0.6931471805599453,0.018780004233121872,0.013017306985092262
1207,12,heavy,0.6931471805599453,0.016180086880922318,0.011215181602726264
1217,12,shear viscosity,1.0986122886681098,0.009692918509244919,0.010648759387315044
1208,12,shear,0.6931471805599453,0.014539363794028759,0.010077919020966383
1209,12,vacuum,0.6931471805599453,0.01312581729143858,0.00909812324810563
1211,12,condensate,0.6931471805599453,0.01214138325303793,0.008415765569940977
1212,12,bubble,0.6931471805599453,0.011939448304474354,0.008275794929687618
1300,13,amplitude,0.6931471805599453,0.09837708622217178,0.06818979994660102
1301,13,function,0.6931471805599453,0.060245975852012634,0.0417593283019051
1302,13,loop,0.6931471805599453,0.01921553909778595,0.013319196748569725
1303,13,limit,0.6931471805599453,0.01757592149078846,0.01218270042708297
1304,13,pole,0.6931471805599453,0.016416192054748535,0.011378837238279522
1305,13,conformal,0.6931471805599453,0.016236234456300735,0.011254100136295091
1306,13,relation,0.6931471805599453,0.015956299379467964,0.011060063927048624
1307,13,integral,0.6931471805599453,0.014816565439105034,0.010270060559697583
1308,13,diagram,0.6931471805599453,0.01411672867834568,0.00978497068212503
1309,13,correlation,0.6931471805599453,0.013116961345076561,0.009091984773853605
1310,13,scattering,0.6931471805599453,0.012617078609764576,0.00874549246526151
1311,13,analytic,0.6931471805599453,0.012497106567025185,0.008662334182090684
1312,13,block,0.6931471805599453,0.01197722740471363,0.008301981406502564
1313,13,correlators,0.6931471805599453,0.011957231909036636,0.008288121585050157
1314,13,feynman,0.6931471805599453,0.011457348242402077,0.007941628630914445
1400,14,gauge,0.6931471805599453,0.10304684191942215,0.07142662794205384
1401,14,theory,0.6931471805599453,0.05709174647927284,0.03957298310535115
1402,14,action,0.6931471805599453,0.051479414105415344,0.03568281074404652
1403,14,invariance,0.6931471805599453,0.03457638993859291,0.023966527199876936
1404,14,field,0.6931471805599453,0.02473830245435238,0.017147284598073527
1405,14,lorentz,0.6931471805599453,0.023439761251211166,0.016247204424275276
1406,14,transformation,0.6931471805599453,0.02189912274479866,0.015179315187293362
1407,14,invariant,0.6931471805599453,0.021084783598780632,0.014614858304211371
1408,14,brst,0.6931471805599453,0.019852271303534508,0.013760545881756054
1409,14,yang-mills,0.6931471805599453,0.01881784200668335,0.013043534131155067
1410,14,symmetry,0.6931471805599453,0.01672697253525257,0.01159425385211396
1418,14,effective action,1.0986122886681098,0.009485963732004166,0.01042139632583978
1419,14,lattice gauge,1.0986122886681098,0.009419936686754227,0.010348858202543752
1411,14,massive,0.6931471805599453,0.01417391188442707,0.009824607060195724
1412,14,covariant,0.6931471805599453,0.012721307575702667,0.008817738479134177
1500,15,conformal,0.6931471805599453,0.06474443525075912,0.04487742275100962
1501,15,string,0.6931471805599453,0.060926467180252075,0.04223100894746976
1502,15,algebra,0.6931471805599453,0.04501061141490936,0.031198978397523714
1503,15,theory,0.6931471805599453,0.04418262094259262,0.03062505913610687
1504,15,conformal field,1.0986122886681098,0.025966785848140717,0.028527430029980556
1511,15,conformal field theory,1.3862943611198906,0.014029894955456257,0.019449564263853407
1505,15,central,0.6931471805599453,0.025736788287758827,0.017839382238328254
1513,15,central charge,1.0986122886681098,0.013569898903369904,0.014908057691226082
1517,15,conformal field theories,1.3862943611198906,0.010510927997529507,0.014571240213112338
1506,15,charge,0.6931471805599453,0.020745834335684776,0.014379916578143609
1507,15,operator,0.6931471805599453,0.016766870394349098,0.011621908940657096
1508,15,open,0.6931471805599453,0.01545588206499815,0.010713201076420492
1510,15,superconformal,0.6931471805599453,0.014397891238331795,0.009979857717858422
1512,15,virasoro,0.6931471805599453,0.013799897395074368,0.009565359971412331
1514,15,representation,0.6931471805599453,0.012925905175507069,0.00895955472858793
1600,16,photon,0.6931471805599453,0.06285814195871353,0.04356994387391908
1601,16,electron,0.6931471805599453,0.04891260713338852,0.03390363572834452
1602,16,particle,0.6931471805599453,0.039949722588062286,0.027691037576067334
1603,16,experiment,0.6931471805599453,0.035202931612730026,0.024400812794808387
1604,16,mi,0.6931471805599453,0.020078066736459732,0.013917055349471486
1605,16,laser,0.6931471805599453,0.019311504438519478,0.013385714853930645
1606,16,compton,0.6931471805599453,0.01745406538248062,0.012098236209175385
1607,16,optical,0.6931471805599453,0.016716985031962395,0.011587331042367541
1608,16,mo,0.6931471805599453,0.01656956970691681,0.011485150525440866
1609,16,beam,0.6931471805599453,0.015508175827562809,0.010749448350503057
1610,16,light,0.6931471805599453,0.014063501730561256,0.009748076573338446
1611,16,atom,0.6931471805599453,0.011704848147928715,0.008113182492619086
1612,16,year,0.6931471805599453,0.010879319161176682,0.007540969402981406
1613,16,math,0.6931471805599453,0.010053790174424648,0.0069687563133437255
1614,16,pulse,0.6931471805599453,0.009552576579153538,0.006621341522923241
1700,17,scalar,0.6931471805599453,0.12609416246414185,0.0874018131970876
1701,17,field,0.6931471805599453,0.10527698695659637,0.07297244668681091
1702,17,scalar field,1.0986122886681098,0.0475357286632061,0.05222333566019112
1703,17,mode,0.6931471805599453,0.036382704973220825,0.025218569373332316
1704,17,gravity,0.6931471805599453,0.03272819519042969,0.0226854562210619
1705,17,massive,0.6931471805599453,0.02739531733095646,0.018988986968497476
1712,17,scalar fields,1.0986122886681098,0.01345403864979744,0.01478077219288317
1706,17,gravitational,0.6931471805599453,0.018570352345705032,0.012871987370430209
1707,17,potential,0.6931471805599453,0.018326718360185623,0.012703113160278848
1708,17,massless,0.6931471805599453,0.016404716297984123,0.011370882849833478
1709,17,perturbation,0.6931471805599453,0.014563925564289093,0.010094943942771896
1710,17,geodesic,0.6931471805599453,0.01453685574233532,0.010076180572006377
1711,17,background,0.6931471805599453,0.014401502907276154,0.009982361136004321
1713,17,metric,0.6931471805599453,0.012235868722200394,0.008481257906494823
1714,17,spacetime,0.6931471805599453,0.012046375311911106,0.008349911083418114
1800,18,renormalization,0.6931471805599453,0.07777450233697891,0.05390917701432981
1801,18,group,0.6931471805599453,0.06511615216732025,0.0451350772836904
1802,18,flow,0.6931471805599453,0.06261815875768661,0.043403600194745526
1803,18,point,0.6931471805599453,0.058969415724277496,0.04087448424855025
1804,18,coupling,0.6931471805599453,0.04471122846007347,0.03099146194647151
1805,18,scale,0.6931471805599453,0.03544902056455612,0.024571388657933596
1806,18,fixed,0.6931471805599453,0.03530868515372276,0.02447411556358173
1807,18,uv,0.6931471805599453,0.03132312744855881,0.02171153747728837
1808,18,rg,0.6931471805599453,0.029723292216658592,0.02060261619693627
1809,18,ir,0.6931471805599453,0.027590177953243256,0.019124054059437724
1810,18,cutoff,0.6931471805599453,0.025709670037031174,0.017820585299294662
1811,18,infrared,0.6931471805599453,0.02548513188958168,0.017664947315461893
1814,18,fixed point,1.0986122886681098,0.01602645218372345,0.017606857312790446
1812,18,effective,0.6931471805599453,0.018608644604682922,0.012898529541778005
1813,18,ultraviolet,0.6931471805599453,0.01787889376282692,0.01239270480323427
1900,19,conformal,0.6931471805599453,0.050933074206113815,0.035304116783218265
1901,19,dual,0.6931471805599453,0.04487895220518112,0.031107719187505833
1902,19,holographic,0.6931471805599453,0.04237886890769005,0.029374793498684885
1903,19,boundary,0.6931471805599453,0.040442533791065216,0.02803262827197717
1904,19,entropy,0.6931471805599453,0.036520835012197495,0.025314313820399628
1905,19,cft,0.6931471805599453,0.034731559455394745,0.024074082512956976
1906,19,entanglement,0.6931471805599453,0.034584496170282364,0.023972146011517446
1907,19,ad,0.6931471805599453,0.03031964972615242,0.021015979723247667
1908,19,bulk,0.6931471805599453,0.03009905479848385,0.02086307497108837
1909,19,defect,0.6931471805599453,0.029927480965852737,0.02074414905274225
1910,19,theory,0.6931471805599453,0.02862841822206974,0.019843707374518602
1912,19,conformal field,1.0986122886681098,0.01605447381734848,0.01763764222383946
1911,19,correspondence,0.6931471805599453,0.01970655471086502,0.013659542836386396
1924,19,conformal field theory,1.3862943611198906,0.00897090882062912,0.012436320312158836
1920,19,entanglement entropy,1.0986122886681098,0.009902311488986015,0.010878801088019445
2000,20,section,0.6931471805599453,0.08040297031402588,0.05573109218181202
2001,20,cross,0.6931471805599453,0.07930246740579605,0.05496828169377449
2002,20,annihilation,0.6931471805599453,0.0470796562731266,0.032633131007449044
2003,20,photon,0.6931471805599453,0.03587650880217552,0.024867700924562024
2004,20,energy,0.6931471805599453,0.03378554806113243,0.02341835738224647
2005,20,scattering,0.6931471805599453,0.033213283866643906,0.02302169406930134
2006,20,gev,0.6931471805599453,0.030440010130405426,0.021099407198106695
2007,20,production,0.6931471805599453,0.02553175576031208,0.01769726452000546
2008,20,total,0.6931471805599453,0.02438722923398018,0.016903939185202436
2009,20,elastic,0.6931471805599453,0.023132652044296265,0.01603433254337821
2010,20,process,0.6931471805599453,0.020777570083737373,0.014401914122429227
2011,20,pair,0.6931471805599453,0.019038770347833633,0.013196669987929172
2030,20,total cross section,1.3862943611198906,0.007681552320718765,0.010648892666859833
2020,20,total cross,1.0986122886681098,0.009112210012972355,0.010010785897176026
2021,20,elastic scattering,1.0986122886681098,0.009068189188838005,0.00996242407882473
2100,21,neutrino,0.6931471805599453,0.19159388542175293,0.13280276149261325
2101,21,oscillation,0.6931471805599453,0.04765523597598076,0.03303209245566994
2102,21,solar,0.6931471805599453,0.046284180134534836,0.03208174896478145
2103,21,mixing,0.6931471805599453,0.034099481999874115,0.02363595980676735
2107,21,solar neutrino,1.0986122886681098,0.020123569294810295,0.02210800051914284
2104,21,angle,0.6931471805599453,0.026956729590892792,0.018684981113044185
2105,21,atmospheric,0.6931471805599453,0.026403883472085,0.018301777384509055
2111,21,neutrino mass,1.0986122886681098,0.01355577353388071,0.014892539386723278
2106,21,sterile,0.6931471805599453,0.02131771296262741,0.014776312636031389
2115,21,atmospheric neutrino,1.0986122886681098,0.012450084090232849,0.013677815376481132
2108,21,experiment,0.6931471805599453,0.016762273386120796,0.011618722537364637
2109,21,hierarchy,0.6931471805599453,0.014086504466831684,0.009764020855129457
2119,21,sterile neutrinos,1.0986122886681098,0.008823423646390438,0.009693521646049318
2110,21,matrix,0.6931471805599453,0.01393170841038227,0.009656724405039748
2120,21,sterile neutrino,1.0986122886681098,0.008779196068644524,0.009644932685639632
2200,22,factor,0.6931471805599453,0.14291274547576904,0.09905956659261039
2201,22,form,0.6931471805599453,0.1318623572587967,0.09140002115592316
2203,22,nucleon,0.6931471805599453,0.019322296604514122,0.013393195413361968
2204,22,electromagnetic,0.6931471805599453,0.017901228740811348,0.012408186230252045
2205,22,pion,0.6931471805599453,0.016989199444651604,0.011776015695030848
2214,22,electromagnetic form,1.0986122886681098,0.009671764448285103,0.010625519275989355
2225,22,electromagnetic form factors,1.3862943611198906,0.006553899496793747,0.00908563391575166
2209,22,momentum,0.6931471805599453,0.011983648873865604,0.008306432429740307
2224,22,form factors,1.0986122886681098,0.00657510943710804,0.007223496026944551
2212,22,result,0.6931471805599453,0.009777814149856567,0.006777464310012218
2215,22,ratio,0.6931471805599453,0.009332404471933842,0.006468729847565967
2217,22,$^2$,0.6931471805599453,0.00854763574898243,0.005924769619860567
2218,22,transfer,0.6931471805599453,0.008356746286153793,0.005792455126902295
2219,22,nn,0.6931471805599453,0.007953757420182228,0.005513124530657055
2220,22,form-factors,0.6931471805599453,0.007084148470312357,0.004910357538865059
2300,23,momentum,0.6931471805599453,0.06529238075017929,0.04525722962903322
2301,23,polarization,0.6931471805599453,0.04955393075942993,0.03434816739156161
2302,23,asymmetry,0.6931471805599453,0.049366164952516556,0.034218018051894034
2303,23,angular,0.6931471805599453,0.04188954830169678,0.029035622300250766
2304,23,spin,0.6931471805599453,0.04045567661523819,0.028041738183497263
2305,23,distribution,0.6931471805599453,0.03267180174589157,0.02264636726397824
2309,23,angular momentum,1.0986122886681098,0.017735641449689865,0.019484593644040774
2306,23,polarized,0.6931471805599453,0.022924890741705894,0.015890323382258233
2307,23,reaction,0.6931471805599453,0.021269110962748528,0.014742624296845766
2308,23,transverse,0.6931471805599453,0.021234970539808273,0.014718959958941603
2310,23,cross,0.6931471805599453,0.017718572169542313,0.012281578342866167
2311,23,section,0.6931471805599453,0.017377173528075218,0.012044938837086254
2312,23,beam,0.6931471805599453,0.017206475138664246,0.011926619729739915
2313,23,production,0.6931471805599453,0.016967495903372765,0.011760971946585253
2314,23,photon,0.6931471805599453,0.016813866794109344,0.011654484362647379
2402,24,state,0.6931471805599453,0.038540929555892944,0.026714536657826658
2409,24,resonance,0.6931471805599453,0.015743399038910866,0.01091249265625122
2412,24,$d$,0.6931471805599453,0.014411985874176025,0.00998962737495487
2413,24,gev,0.6931471805599453,0.014201762154698372,0.00984391139651211
2418,24,mev,0.6931471805599453,0.011842592619359493,0.00820865968462905
2419,24,$b$,0.6931471805599453,0.011095132678747177,0.007690559934212119
2420,24,channel,0.6931471805599453,0.010838192887604237,0.007512462842407729
2421,24,$e^+e^-$,0.6931471805599453,0.010511179454624653,0.007285794403332701
2423,24,charmonium,0.6931471805599453,0.008081934414803982,0.005601970053091771
2424,24,narrow,0.6931471805599453,0.007988502271473408,0.0055372078263685115
2426,24,$b$,0.6931471805599453,0.007591413799673319,0.005261967071707422
2427,24,molecule,0.6931471805599453,0.007311116438359022,0.0050676797459940255
2429,24,s1,0.6931471805599453,0.006376791745424271,0.0044200552193587655
2430,24,reaction,0.6931471805599453,0.00611985195428133,0.004241958127554375
2432,24,$e^+$,0.6931471805599453,0.006003061309456825,0.004161005021378492
2500,25,physic,0.6931471805599453,0.091241255402565,0.0632436189330378
2501,25,new,0.6931471805599453,0.0720551386475563,0.049944816198409604
2502,25,new physics,1.0986122886681098,0.04407985508441925,0.04842667047845245
2505,25,standard model,1.0986122886681098,0.025081316009163857,0.027554641983635605
2503,25,experiment,0.6931471805599453,0.03282543271780014,0.02275285613900335
2504,25,standard,0.6931471805599453,0.02808249555528164,0.019465302617230663
2506,25,neutral,0.6931471805599453,0.02082071080803871,0.014431816993846013
2507,25,search,0.6931471805599453,0.01894497498869896,0.013131655999195364
2508,25,tau,0.6931471805599453,0.01765875332057476,0.012240115076359966
2509,25,measurement,0.6931471805599453,0.015675831586122513,0.010865658466853355
2510,25,current,0.6931471805599453,0.014764759689569473,0.010234151550470213
2511,25,decay,0.6931471805599453,0.014362815767526627,0.009955545254163008
2512,25,future,0.6931471805599453,0.013987667858600616,0.009695512538797985
2513,25,lepton,0.6931471805599453,0.013532132841646671,0.00937975972615003
2514,25,rare,0.6931471805599453,0.012433486059308052,0.008618235806540761
2600,26,gauge,0.6931471805599453,0.10531432926654816,0.07299833040366958
2601,26,field,0.6931471805599453,0.07433848828077316,0.05152751355890645
2602,26,spin,0.6931471805599453,0.061080895364284515,0.04233805040783084
2603,26,topological,0.6931471805599453,0.04869411140680313,0.03375218603149746
2604,26,theory,0.6931471805599453,0.04005713015794754,0.027765486830304092
2605,26,chern-simons,0.6931471805599453,0.027794748544692993,0.01926585158812659
2611,26,higher spin,1.0986122886681098,0.013541951775550842,0.014877354633171084
2606,26,abelian,0.6931471805599453,0.02116595394909382,0.01467112130367602
2607,26,vortex,0.6931471805599453,0.019797543063759804,0.013722611156659209
2608,26,non-abelian,0.6931471805599453,0.01885564997792244,0.013069740619822134
2614,26,gauge field,1.0986122886681098,0.011498221196234226,0.012632087104007055
2609,26,dirac,0.6931471805599453,0.017558326944708824,0.01217050481707464
2610,26,term,0.6931471805599453,0.014341671951115131,0.009940889477431103
2612,26,hall,0.6931471805599453,0.013435322791337967,0.009312656112728687
2613,26,fermion,0.6931471805599453,0.012902175076305866,0.008943106277232209
2700,27,black,0.6931471805599453,0.21629735827445984,0.14992590405050618
2701,27,hole,0.6931471805599453,0.20244191586971283,0.1403220432122451
2702,27,black hole,1.0986122886681098,0.10600405186414719,0.11645735402656375
2703,27,black holes,1.0986122886681098,0.08194749802350998,0.0900285283542337
2704,27,horizon,0.6931471805599453,0.04502315819263458,0.031207675161129062
2705,27,entropy,0.6931471805599453,0.024381084367632866,0.016899679888418877
2706,27,extremal,0.6931471805599453,0.012359862215816975,0.008567203647002935
2707,27,radiation,0.6931471805599453,0.01063851360231638,0.007374055708794226
2708,27,schwarzschild,0.6931471805599453,0.009608525782823563,0.006660122555701694
2709,27,thermodynamics,0.6931471805599453,0.009340447373688221,0.006474304762240536
2719,27,black hole solutions,1.3862943611198906,0.004261057823896408,0.005907080433673382
2720,27,black hole entropy,1.3862943611198906,0.0038377754390239716,0.005320286450363344
2710,27,hawking,0.6931471805599453,0.007506222929805517,0.005202917260449106
2711,27,charge,0.6931471805599453,0.0072804722003638744,0.005046438778827281
2712,27,kerr,0.6931471805599453,0.007252253592014313,0.005026879130010457
2800,28,decay,0.6931471805599453,0.1572679579257965,0.10900984162868595
2801,28,branching,0.6931471805599453,0.0274484995752573,0.019025850091190455
2802,28,ratio,0.6931471805599453,0.023737017065286636,0.01645324645370674
2804,28,semileptonic,0.6931471805599453,0.023011215031147003,0.01595015882009818
2805,28,meson,0.6931471805599453,0.022730791941285133,0.015755784345996515
2807,28,fraction,0.6931471805599453,0.014103653840720654,0.009775907895288965
2808,28,asymmetry,0.6931471805599453,0.013146916404366493,0.009112748038743929
2810,28,mode,0.6931471805599453,0.012536583468317986,0.008689697484919032
2811,28,measurement,0.6931471805599453,0.012272655963897705,0.008506756879357893
2812,28,rate,0.6931471805599453,0.011827277019619942,0.008198043719850995
2813,28,br,0.6931471805599453,0.01172830443829298,0.008129441154151472
2814,28,nu,0.6931471805599453,0.011546853929758072,0.008003669245749332
2830,28,semileptonic decays,1.0986122886681098,0.006301291286945343,0.006922676042315442
2815,28,inclusive,0.6931471805599453,0.009765341877937317,0.006768819189896212
2816,28,lifetime,0.6931471805599453,0.008511685766279697,0.0058998509907089896
2900,29,energy,0.6931471805599453,0.0896591916680336,0.06214701591598123
2901,29,flux,0.6931471805599453,0.041456617414951324,0.028735537476725838
2902,29,source,0.6931471805599453,0.028737321496009827,0.01991919337180392
2906,29,high energy,1.0986122886681098,0.017058152705430984,0.018740296184163643
2903,29,spectrum,0.6931471805599453,0.02520088106393814,0.017467919657095238
2904,29,high,0.6931471805599453,0.02297203242778778,0.015922999509052734
2905,29,event,0.6931471805599453,0.01797940954566002,0.012462377034706809
2907,29,signal,0.6931471805599453,0.01494817715138197,0.010361286846991006
2908,29,emission,0.6931471805599453,0.012154686264693737,0.008424986514963156
2909,29,time,0.6931471805599453,0.01164948008954525,0.00807480427905751
2910,29,radiation,0.6931471805599453,0.011619762517511845,0.008054205627789466
2911,29,solar,0.6931471805599453,0.010044708847999573,0.00696246161753644
2912,29,information,0.6931471805599453,0.010044708847999573,0.00696246161753644
2931,29,gravitational wave,1.0986122886681098,0.005884191021323204,0.006464444564896228
2913,29,such,0.6931471805599453,0.009272041730582714,0.006426889583587564
3000,30,cp,0.6931471805599453,0.06325219571590424,0.04384308112470487
3002,30,asymmetry,0.6931471805599453,0.028957122936844826,0.020071548120801714
3003,30,violation,0.6931471805599453,0.028641436249017715,0.019852730783194043
3005,30,parameter,0.6931471805599453,0.022528590634465218,0.015615629080268754
3007,30,$b^0$,0.6931471805599453,0.02014658972620964,0.013964551866620172
3008,30,bound,0.6931471805599453,0.016329647973179817,0.011318849452146016
3016,30,direct cp,1.0986122886681098,0.009843719191849232,0.01081443087036368
3009,30,direct,0.6931471805599453,0.015296490862965584,0.010602719514125558
3010,30,mixing,0.6931471805599453,0.014464226551353931,0.010025837853051278
3011,30,penguin,0.6931471805599453,0.014464226551353931,0.010025837853051278
3012,30,decay,0.6931471805599453,0.013689358718693256,0.009488740399535936
3014,30,constraint,0.6931471805599453,0.010647285729646683,0.007380136084120738
3017,30,experimental,0.6931471805599453,0.009700224734842777,0.006723683425754114
3051,30,direct cp violation,1.3862943611198906,0.004764030687510967,0.00660434887829857
3018,30,effect,0.6931471805599453,0.009470634162425995,0.006564543367800277
3100,31,amplitude,0.6931471805599453,0.06907622516155243,0.047879990714454014
3101,31,contribution,0.6931471805599453,0.04645898938179016,0.03220291750165229
3102,31,state,0.6931471805599453,0.04641097038984299,0.032169633272770774
3103,31,interaction,0.6931471805599453,0.040360499173402786,0.027975766208036143
3104,31,resonance,0.6931471805599453,0.03728724643588066,0.02584554973787455
3105,31,final,0.6931471805599453,0.027323178946971893,0.018938984451028422
3108,31,final state,1.0986122886681098,0.017119012773036957,0.018807157802324736
3106,31,process,0.6931471805599453,0.02129671722650528,0.014761759500734552
3107,31,exchange,0.6931471805599453,0.019447963684797287,0.013480301195749445
3109,31,reaction,0.6931471805599453,0.01702297292649746,0.011799425688749995
3110,31,tree,0.6931471805599453,0.014597983099520206,0.010118550827294162
3111,31,scattering,0.6931471805599453,0.012197003699839115,0.008454318725822705
3112,31,double,0.6931471805599453,0.011692797765135765,0.008104829803761485
3113,31,polarization,0.6931471805599453,0.011500719003379345,0.007971690951604576
3115,31,level,0.6931471805599453,0.010972503572702408,0.007605559915102601
3200,32,constraint,0.6931471805599453,0.031561754643917084,0.021876941244955886
3213,32,big bang,1.0986122886681098,0.01358391996473074,0.014923461401537268
3201,32,big,0.6931471805599453,0.02027534879744053,0.01405380085381538
3202,32,galactic,0.6931471805599453,0.018580952659249306,0.012879334947876474
3203,32,signal,0.6931471805599453,0.01832248643040657,0.01270017981008417
3217,32,cosmic microwave,1.0986122886681098,0.011544900014996529,0.012683369027919831
3204,32,background,0.6931471805599453,0.01812145486474037,0.012560835347139093
3205,32,axion,0.6931471805599453,0.017862988635897636,0.012381680209346789
3206,32,bound,0.6931471805599453,0.01654193364083767,0.011465994664156341
3207,32,galaxy,0.6931471805599453,0.015967560932040215,0.011067869840462806
3208,32,bang,0.6931471805599453,0.01545062754303217,0.010709558919334583
3209,32,microwave,0.6931471805599453,0.014876255765557289,0.010311434741184665
3210,32,halo,0.6931471805599453,0.01461778860539198,0.010132278957848745
3211,32,detection,0.6931471805599453,0.01447419635951519,0.010032748397468979
3212,32,dm,0.6931471805599453,0.01389982458204031,0.00963462421931906
3302,33,dark matter,1.0986122886681098,0.12326547503471375,0.13542096564164863
3300,33,matter,0.6931471805599453,0.1745421141386032,0.12098337430414498
3301,33,dark,0.6931471805599453,0.15175871551036835,0.10519112578141065
3303,33,dm,0.6931471805599453,0.03881203010678291,0.02690244924032429
3304,33,particle,0.6931471805599453,0.028567899018526077,0.01980175865921258
3305,33,detection,0.6931471805599453,0.025955550372600555,0.017991016560649713
3309,33,direct detection,1.0986122886681098,0.015953993424773216,0.01752725322978608
3306,33,direct,0.6931471805599453,0.023921651765704155,0.016581225475734672
3307,33,wimp,0.6931471805599453,0.020152408629655838,0.013968585223137854
3308,33,relic,0.6931471805599453,0.018435724079608917,0.012778670167362014
3314,33,relic density,1.0986122886681098,0.010654661804437637,0.011705342389957926
3310,33,density,0.6931471805599453,0.01434926688671112,0.009946153885625997
3311,33,annihilation,0.6931471805599453,0.014069372788071632,0.009752146080298668
3312,33,search,0.6931471805599453,0.013546902686357498,0.00938999740236865
3313,33,candidate,0.6931471805599453,0.012147431261837482,0.00841995773018839
3400,34,higgs,0.6931471805599453,0.16960683465003967,0.11756249924137184
3401,34,boson,0.6931471805599453,0.10668639838695526,0.07394937624601314
3402,34,model,0.6931471805599453,0.04816088080406189,0.03338257874261909
3406,34,standard model,1.0986122886681098,0.022487295791506767,0.024704819495464003
3403,34,mass,0.6931471805599453,0.029629020020365715,0.020537271689870667
3404,34,standard,0.6931471805599453,0.02603984624147415,0.018049446004492296
3405,34,coupling,0.6931471805599453,0.0241536982357502,0.016742067832205974
3407,34,gauge,0.6931471805599453,0.022084427997469902,0.01530775900072538
3408,34,sector,0.6931471805599453,0.01931929960846901,0.013391118054003148
3409,34,sm,0.6931471805599453,0.017250031232833862,0.011956810513609788
3415,34,higgs mass,1.0986122886681098,0.01023649051785469,0.011245934275749745
3410,34,doublet,0.6931471805599453,0.015565316192805767,0.010789055033567379
3416,34,higgs boson,1.0986122886681098,0.009467381052672863,0.010400981165970033
3411,34,neutral,0.6931471805599453,0.014668022282421589,0.010167098289450978
3412,34,scalar,0.6931471805599453,0.013752416707575321,0.00953244886674132
3500,35,qcd,0.6931471805599453,0.06159932538866997,0.042697398717551245
3501,35,perturbative,0.6931471805599453,0.04090261086821556,0.02835152940084419
3502,35,factorization,0.6931471805599453,0.03147456422448158,0.02181650545155233
3503,35,anomalous,0.6931471805599453,0.030124779790639877,0.02088090617687125
3504,35,order,0.6931471805599453,0.029777107760310173,0.020639918289288663
3505,35,contribution,0.6931471805599453,0.02599361725151539,0.018017402510442246
3506,35,result,0.6931471805599453,0.025748202577233315,0.01784729402089559
3507,35,function,0.6931471805599453,0.023539461195468903,0.01631631115953951
3508,35,approach,0.6931471805599453,0.023478107526898384,0.016273784037152846
3513,35,perturbative qcd,1.0986122886681098,0.013906901702284813,0.01527829310742955
3509,35,calculation,0.6931471805599453,0.021514782682061195,0.014912910956430655
3518,35,anomalous dimension,1.0986122886681098,0.011534551158547401,0.012671999647051157
3510,35,coefficient,0.6931471805599453,0.01730181649327278,0.011992705320877588
3511,35,kernel,0.6931471805599453,0.016013385728001595,0.011099633168583173
3512,35,expansion,0.6931471805599453,0.014724953100085258,0.010206559725201523
3600,36,dark,0.6931471805599453,0.16232804954051971,0.11251722986480636
3601,36,matter,0.6931471805599453,0.13108572363853455,0.09086169975171039
3602,36,dark matter,1.0986122886681098,0.06992145627737045,0.07681657110788913
3604,36,dark energy,1.0986122886681098,0.02106771245598793,0.023145247798274544
3603,36,model,0.6931471805599453,0.028465675190091133,0.019730902500746852
3605,36,abundance,0.6931471805599453,0.019766757264733315,0.013701272066862714
3606,36,energy,0.6931471805599453,0.019689088687300682,0.013647436311397181
3607,36,sector,0.6931471805599453,0.017048345878720284,0.011817012879045727
3608,36,constraint,0.6931471805599453,0.015417298302054405,0.010686456849920643
3609,36,density,0.6931471805599453,0.015145457349717617,0.010498031060247668
3610,36,candidate,0.6931471805599453,0.01481536403298378,0.010269227808431928
3611,36,galaxy,0.6931471805599453,0.014038675464689732,0.009730868317145766
3612,36,universe,0.6931471805599453,0.013592078350484371,0.009421310786588115
3613,36,cold,0.6931471805599453,0.013300820253789425,0.009219426058048756
3614,36,scenario,0.6931471805599453,0.01168919075280428,0.00810232961333367
3700,37,mass,0.6931471805599453,0.0668155699968338,0.04631302396081102
3701,37,susy,0.6931471805599453,0.05354046821594238,0.03711142458973982
3702,37,parameter,0.6931471805599453,0.051633551716804504,0.03578965079479916
3703,37,soft,0.6931471805599453,0.03933636099100113,0.02726588771440065
3704,37,neutralino,0.6931471805599453,0.028774958103895187,0.0199452810804455
3705,37,space,0.6931471805599453,0.02699027583003044,0.018708233594120837
3706,37,scale,0.6931471805599453,0.026599112898111343,0.01843710011072155
3707,37,mssm,0.6931471805599453,0.024203239008784294,0.016776406879357317
3708,37,squark,0.6931471805599453,0.022760825231671333,0.01577660183655065
3709,37,region,0.6931471805599453,0.021000592038035393,0.014556501161253867
3710,37,scenario,0.6931471805599453,0.01970486342906952,0.013658370529178312
3711,37,constraint,0.6931471805599453,0.019167015329003334,0.013285562635047913
3712,37,gluino,0.6931471805599453,0.014741982333362103,0.010218363490234465
3713,37,gaugino,0.6931471805599453,0.014521952718496323,0.010065850583050559
3714,37,large,0.6931471805599453,0.014375266619026661,0.009964175526775827
3800,38,detector,0.6931471805599453,0.054641325026750565,0.03787448038435173
3801,38,experiment,0.6931471805599453,0.04326269403100014,0.029987414391015318
3802,38,physic,0.6931471805599453,0.03877606615424156,0.02687752092801846
3803,38,beam,0.6931471805599453,0.02354200929403305,0.016318077366875038
3804,38,high,0.6931471805599453,0.02011306770145893,0.013941316169677557
3805,38,crystal,0.6931471805599453,0.012982231564819813,0.00899859720653118
3806,38,nuclear,0.6931471805599453,0.011856310069561005,0.008218167896560699
3807,38,liquid,0.6931471805599453,0.01093510165810585,0.007579634883452453
3808,38,performance,0.6931471805599453,0.010730388574302197,0.007437738586590218
3809,38,precision,0.6931471805599453,0.010320963338017464,0.007153946638409367
3810,38,resolution,0.6931471805599453,0.009911537170410156,0.006870154044684898
3836,38,high energy,1.0986122886681098,0.006039050407707691,0.006634574989793828
3811,38,search,0.6931471805599453,0.00951917003840208,0.006598185873389108
3812,38,target,0.6931471805599453,0.009280338883399963,0.006432640731669516
3813,38,chamber,0.6931471805599453,0.008973268792033195,0.006219795963604355
3900,39,jet,0.6931471805599453,0.06253086775541306,0.04334309468263135
3901,39,event,0.6931471805599453,0.04447000101208687,0.030824255821025926
3902,39,lhc,0.6931471805599453,0.04137120768427849,0.028676335962717577
3903,39,tev,0.6931471805599453,0.039151180535554886,0.027137530403813278
3904,39,production,0.6931471805599453,0.03258359059691429,0.022585223954770684
3905,39,cm,0.6931471805599453,0.02483660914003849,0.017215425600087046
3906,39,pair,0.6931471805599453,0.017737139016389847,0.012294447900410423
3907,39,atlas,0.6931471805599453,0.017714012414216995,0.01227841776131838
3918,39,final state,1.0986122886681098,0.010776419192552567,0.01183910655277712
3908,39,final,0.6931471805599453,0.016372743993997574,0.011348721337469196
3909,39,collision,0.6931471805599453,0.01621086709201336,0.011236516819261059
3910,39,data,0.6931471805599453,0.014568970538675785,0.010098440852544027
3911,39,luminosity,0.6931471805599453,0.014476468786597252,0.010034323523893938
3912,39,channel,0.6931471805599453,0.014222091063857079,0.009858002322579327
3931,39,large hadron collider,1.3862943611198906,0.006798865739256144,0.009425229236342009
4000,40,su,0.6931471805599453,0.08094517141580582,0.05610691734680728
4001,40,symmetry,0.6931471805599453,0.08082020282745361,0.05602029572213239
4002,40,fermion,0.6931471805599453,0.07693071663379669,0.05332430933317226
4003,40,gauge,0.6931471805599453,0.04589288681745529,0.031810525105275815
4004,40,chiral,0.6931471805599453,0.028069958090782166,0.019456612309061483
4005,40,mass,0.6931471805599453,0.020868930965662003,0.014465240660148754
4006,40,model,0.6931471805599453,0.01901009865105152,0.01317679628214278
4007,40,breaking,0.6931471805599453,0.017713600769639015,0.01227813243103976
4008,40,coupling,0.6931471805599453,0.016635790467262268,0.011531051258768856
4009,40,boson,0.6931471805599453,0.01641710475087166,0.011379469871023973
4010,40,flavor,0.6931471805599453,0.01619841903448105,0.01122788848327909
4011,40,color,0.6931471805599453,0.015464257448911667,0.010719006450166255
4012,40,composite,0.6931471805599453,0.01324615441262722,0.009181534584374236
4013,40,quark,0.6931471805599453,0.013168051838874817,0.009127398005583282
4014,40,dirac,0.6931471805599453,0.013058708980679512,0.009051607311710841
4100,41,decay,0.6931471805599453,0.0823204442858696,0.05706018385919257
4103,41,state,0.6931471805599453,0.025504831224679947,0.01767860185404416
4104,41,$d$,0.6931471805599453,0.023549759760499,0.016323449580853935
4105,41,meson,0.6931471805599453,0.021017050370573997,0.01456790920804972
4106,41,stat,0.6931471805599453,0.018365852534770966,0.01273023890305622
4107,41,syst,0.6931471805599453,0.01792151853442192,0.012422250043487357
4108,41,$+/-$,0.6931471805599453,0.01681068167090416,0.011652276603477969
4109,41,$+-$,0.6931471805599453,0.016647757962346077,0.011539346494244563
4110,41,fraction,0.6931471805599453,0.01607012376189232,0.011138960976805043
4111,41,final,0.6931471805599453,0.01567022129893303,0.010861769712105833
4131,41,final state,1.0986122886681098,0.007509273011237383,0.00824977960910917
4115,41,width,0.6931471805599453,0.010975084267556667,0.0076073487164647164
4118,41,ratio,0.6931471805599453,0.010441882535815239,0.0072377614394384645
4120,41,$pi+$,0.6931471805599453,0.010145658627152443,0.0070324346723344006
4141,41,final states,1.0986122886681098,0.00633919145911932,0.00696431363720841
4200,42,theory,0.6931471805599453,0.12830352783203125,0.08893322857266693
4201,42,gauge,0.6931471805599453,0.04895395040512085,0.03393229270058091
4202,42,supersymmetric,0.6931471805599453,0.044784579426050186,0.03104230496172962
4203,42,yang-mills,0.6931471805599453,0.03309192880988121,0.022937577153859585
4204,42,supersymmetry,0.6931471805599453,0.030882293358445168,0.02140597457063139
4205,42,anomaly,0.6931471805599453,0.028422757983207703,0.019701154559798095
4206,42,supergravity,0.6931471805599453,0.019676286727190018,0.013638562668840833
4207,42,duality,0.6931471805599453,0.018742453306913376,0.01299127866646343
4209,42,chiral,0.6931471805599453,0.01665119081735611,0.011541725968016038
4210,42,$n=4$,0.6931471805599453,0.016217155382037163,0.011240875529761602
4211,42,super,0.6931471805599453,0.014546777121722698,0.010083057548156004
4212,42,$n=2$,0.6931471805599453,0.013783926144242287,0.00955428954392806
4220,42,super yang-mills,1.0986122886681098,0.007733735255897045,0.008496376589434302
4213,42,branch,0.6931471805599453,0.012218768708407879,0.008469405080147005
4214,42,su,0.6931471805599453,0.011455917730927467,0.00794063707591906
4300,43,gravity,0.6931471805599453,0.06270340085029602,0.043462685510902765
4301,43,dimension,0.6931471805599453,0.04475441202521324,0.03102139451289467
4302,43,scalar,0.6931471805599453,0.039991628378629684,0.027720084456648263
4303,43,extra,0.6931471805599453,0.03942088410258293,0.027324474670885727
4304,43,field,0.6931471805599453,0.031765010207891464,0.02201782726605785
4305,43,constant,0.6931471805599453,0.0302495788782835,0.02096741031260788
4306,43,brane,0.6931471805599453,0.02879319153726101,0.019957919533374946
4307,43,cosmological,0.6931471805599453,0.028222445398569107,0.01956230845652518
4308,43,massive,0.6931471805599453,0.02753361314535141,0.019084846322328576
4313,43,cosmological constant,1.0986122886681098,0.017358582466840744,0.019070352011930032
4314,43,extra dimensions,1.0986122886681098,0.01621709018945694,0.01781629456857644
4316,43,scalar field,1.0986122886681098,0.016000600531697273,0.017578456370192116
4309,43,bulk,0.6931471805599453,0.022141043096780777,0.015347001597189835
4310,43,graviton,0.6931471805599453,0.020881466567516327,0.0144739296772307
4311,43,derivative,0.6931471805599453,0.01767347753047943,0.012250321120941363
4400,44,simulation,0.6931471805599453,0.06162349134683609,0.042714149283319625
4401,44,carlo,0.6931471805599453,0.05587149038910866,0.038727166036892746
4402,44,monte,0.6931471805599453,0.05456339940428734,0.037820466458847964
4403,44,lattice,0.6931471805599453,0.04352528974413872,0.030169431869204455
4404,44,method,0.6931471805599453,0.03666231036186218,0.02541237706013844
4405,44,correlation,0.6931471805599453,0.031627070158720016,0.02192221450988836
4406,44,distribution,0.6931471805599453,0.02831205166876316,0.01962441879007068
4407,44,cluster,0.6931471805599453,0.018277406692504883,0.012668932916857235
4408,44,generator,0.6931471805599453,0.015571637079119682,0.010793436338094509
4409,44,statistical,0.6931471805599453,0.015464122407138348,0.01071891284634182
4410,44,study,0.6931471805599453,0.014801119454205036,0.010259354218813178
4411,44,function,0.6931471805599453,0.014765281230211258,0.010234513054895613
4412,44,scaling,0.6931471805599453,0.01392308808863163,0.009650749253322773
4413,44,size,0.6931471805599453,0.013582626357674599,0.009414759164421346
4414,44,event,0.6931471805599453,0.012579161673784256,0.00871921044799128
4500,45,neutrino,0.6931471805599453,0.29473423957824707,0.2042942071781414
4501,45,oscillation,0.6931471805599453,0.05461238697171211,0.03785442205309094
4502,45,mass,0.6931471805599453,0.02772955410182476,0.0192206622438643
4503,45,experiment,0.6931471805599453,0.026280388236045837,0.018216177009835927
4504,45,majorana,0.6931471805599453,0.02321922965347767,0.01609434356908192
4506,45,neutrino mass,1.0986122886681098,0.013058788143098354,0.01434654512912126
4505,45,right-handed,0.6931471805599453,0.015973402187228203,0.011071918690027292
4512,45,neutrino oscillations,1.0986122886681098,0.008760140277445316,0.00962399775925789
4513,45,neutrino oscillation,1.0986122886681098,0.00867872592061758,0.009534554946372929
4507,45,flavor,0.6931471805599453,0.013026222586631775,0.009029089459270093
4508,45,interaction,0.6931471805599453,0.012391194701194763,0.008588921670902484
4509,45,supernova,0.6931471805599453,0.011023443192243576,0.007640868568766357
4510,45,antineutrino,0.6931471805599453,0.010600091889500618,0.007347423806883697
4511,45,seesaw,0.6931471805599453,0.00955799501389265,0.006625097295685706
4514,45,sterile,0.6931471805599453,0.008401919156312943,0.00582376657449091
4600,46,inflation,0.6931471805599453,0.08565998077392578,0.05937497416026578
4601,46,perturbation,0.6931471805599453,0.04051677882671356,0.028084091009107394
4602,46,universe,0.6931471805599453,0.039069246500730515,0.027080738058582864
4603,46,inflationary,0.6931471805599453,0.028851358219981194,0.019998237605504968
4604,46,field,0.6931471805599453,0.027843760326504707,0.0192998239665036
4605,46,scalar,0.6931471805599453,0.02706322632730007,0.01875879902562373
4606,46,cosmological,0.6931471805599453,0.026963885873556137,0.018689941470195575
4607,46,inflaton,0.6931471805599453,0.021542727947235107,0.014932281138195953
4608,46,cosmology,0.6931471805599453,0.02096087671816349,0.014528972599259622
4609,46,potential,0.6931471805599453,0.019924895837903023,0.013810885372993069
4614,46,scalar field,1.0986122886681098,0.012403395026922226,0.013626522197781678
4610,46,initial,0.6931471805599453,0.01637701876461506,0.011351684382670247
4611,46,evolution,0.6931471805599453,0.015170739963650703,0.010515555632812573
4612,46,fluctuation,0.6931471805599453,0.01282914076000452,0.008892482746803806
4613,46,curvature,0.6931471805599453,0.012587884441018105,0.008725256609506103
4700,47,production,0.6931471805599453,0.053703323006629944,0.037224306928745586
4701,47,collision,0.6931471805599453,0.0474095493555069,0.03286179546738718
4702,47,jet,0.6931471805599453,0.04681077599525452,0.032446757400933834
4703,47,tev,0.6931471805599453,0.04276572912931442,0.029642944570574616
4704,47,lhc,0.6931471805599453,0.03856101259589195,0.026728457160379044
4705,47,collider,0.6931471805599453,0.033225275576114655,0.023030006088911086
4706,47,event,0.6931471805599453,0.027969377115368843,0.01938689488953577
4707,47,transverse,0.6931471805599453,0.023937636986374855,0.016592305586373195
4722,47,large hadron collider,1.3862943611198906,0.011895641684532166,0.01649086098916966
4708,47,energy,0.6931471805599453,0.022447356954216957,0.015559322183838164
4719,47,large hadron,1.0986122886681098,0.012946821749210358,0.014223537472878052
4709,47,hadron,0.6931471805599453,0.01890794187784195,0.013105986602817464
4710,47,pair,0.6931471805599453,0.018069660291075706,0.012524934084435127
4711,47,pp,0.6931471805599453,0.017297906801104546,0.011989995328774318
4712,47,luminosity,0.6931471805599453,0.01685880683362484,0.011685634424331796
4800,48,quark,0.6931471805599453,0.12576313316822052,0.087172361173937
4801,48,top,0.6931471805599453,0.11375102400779724,0.07884620157681131
4802,48,top quark,1.0986122886681098,0.05414550006389618,0.059484911746276264
4803,48,mass,0.6931471805599453,0.0382203608751297,0.026492335380579796
4804,48,decay,0.6931471805599453,0.03726484999060631,0.025830025704978065
4805,48,bound,0.6931471805599453,0.02411523461341858,0.01671540688083269
4808,48,standard model,1.0986122886681098,0.014105146750807762,0.015496087553904468
4819,48,top quark mass,1.3862943611198906,0.008918101899325848,0.012363114374928008
4806,48,coupling,0.6931471805599453,0.016948921605944633,0.011748097224692063
4812,48,new physics,1.0986122886681098,0.010123861953616142,0.01112219915102223
4807,48,lepton,0.6931471805599453,0.014218897558748722,0.009855788753517366
4824,48,top quarks,1.0986122886681098,0.008235595189034939,0.009047726079169748
4809,48,standard,0.6931471805599453,0.012853886000812054,0.008909634840701825
4829,48,chiral quark,1.0986122886681098,0.007075335364788771,0.0077730503782050065
4810,48,physic,0.6931471805599453,0.011056620627641678,0.007663865414570762
4900,49,phase,0.6931471805599453,0.09844590723514557,0.06823750303770706
4901,49,transition,0.6931471805599453,0.07386692613363266,0.05120065158615722
4902,49,critical,0.6931471805599453,0.06928578019142151,0.048025243192579926
4903,49,temperature,0.6931471805599453,0.03572320565581322,0.024761439280890023
4904,49,point,0.6931471805599453,0.029761215671896935,0.02062890273301182
4905,49,holographic,0.6931471805599453,0.024773940443992615,0.01717198697011348
4906,49,spectral,0.6931471805599453,0.02100505493581295,0.014559594606265509
4907,49,order,0.6931471805599453,0.020972564816474915,0.014537074171650293
4908,49,exponent,0.6931471805599453,0.017820997163653374,0.012352573938753117
4909,49,behavior,0.6931471805599453,0.016700077801942825,0.011575611843548397
4910,49,imaginary,0.6931471805599453,0.016050269827246666,0.011125199277982386
4914,49,critical point,1.0986122886681098,0.009162306785583496,0.010065822827189238
4916,49,finite temperature,1.0986122886681098,0.008480008691549301,0.009316241756548441
4911,49,finite,0.6931471805599453,0.01286621205508709,0.008918178610469996
4919,49,first order,1.0986122886681098,0.00755403283983469,0.00829895330684485
5000,50,data,0.6931471805599453,0.05392860248684883,0.037380458765297324
5001,50,measurement,0.6931471805599453,0.04358096048235893,0.030208019884441488
5002,50,event,0.6931471805599453,0.02744770236313343,0.019025297505854483
5003,50,result,0.6931471805599453,0.022930994629859924,0.015894554275122652
5004,50,detector,0.6931471805599453,0.02206994965672493,0.015297723379658817
5005,50,experiment,0.6931471805599453,0.019094057381153107,0.013234992039196088
5006,50,gev,0.6931471805599453,0.01832364872097969,0.01270098544851792
5007,50,algorithm,0.6931471805599453,0.013806941919028759,0.009570242863329704
5008,50,analysis,0.6931471805599453,0.013640775345265865,0.009455064971222648
5009,50,muon,0.6931471805599453,0.012462503276765347,0.00863834900900898
5010,50,experimental,0.6931471805599453,0.011586352251470089,0.008031047396080866
5011,50,energy,0.6931471805599453,0.011208701878786087,0.007769280105017538
5012,50,precision,0.6931471805599453,0.011102959513664246,0.007695985082767593
5013,50,fit,0.6931471805599453,0.010997217148542404,0.007622690060517649
5014,50,beam,0.6931471805599453,0.010770626366138458,0.007465629298553481
5100,51,mass,0.6931471805599453,0.10417813807725906,0.0722107826842368
5101,51,lepton,0.6931471805599453,0.06376223266124725,0.04419661179535079
5102,51,bound,0.6931471805599453,0.03394784778356552,0.02353085497725663
5103,51,flavour,0.6931471805599453,0.02770940773189068,0.019206697844345973
5104,51,flavor,0.6931471805599453,0.027556316927075386,0.019100583384618598
5105,51,decay,0.6931471805599453,0.019404245540499687,0.01344999808729025
5106,51,neutrino,0.6931471805599453,0.01932770013809204,0.013396940857426563
5107,51,heavy,0.6931471805599453,0.017012204974889755,0.01179196191345271
5108,51,scale,0.6931471805599453,0.015232527628540993,0.010558383578524658
5109,51,generation,0.6931471805599453,0.014371393248438835,0.009961490710873612
5110,51,violation,0.6931471805599453,0.014275711961090565,0.009895169496315812
5111,51,light,0.6931471805599453,0.012706534005701542,0.00880749822074109
5112,51,quark,0.6931471805599453,0.012687397189438343,0.008794233590503362
5113,51,coupling,0.6931471805599453,0.012304671108722687,0.008528948086728546
5114,51,number,0.6931471805599453,0.012266398407518864,0.008502419471796703
5200,52,star,0.6931471805599453,0.056549131870269775,0.039196871318990044
5201,52,wave,0.6931471805599453,0.044266145676374435,0.03068295406983475
5202,52,nuclear,0.6931471805599453,0.03858025372028351,0.026741794091501854
5203,52,matter,0.6931471805599453,0.03451629728078842,0.023924874143547402
5204,52,neutron,0.6931471805599453,0.028064997866749763,0.019453174143758478
5205,52,collision,0.6931471805599453,0.02598746120929718,0.01801313546713529
5210,52,gravitational waves,1.0986122886681098,0.013321771286427975,0.014635461642095747
5206,52,energy,0.6931471805599453,0.020155776292085648,0.013970919508856155
5212,52,nuclear matter,1.0986122886681098,0.011809178628027439,0.012973708759827753
5207,52,flow,0.6931471805599453,0.01860673539340496,0.012897206177363592
5208,52,density,0.6931471805599453,0.01672966219484806,0.01159611818207924
5209,52,gravitational,0.6931471805599453,0.016529196873307228,0.011457166209653168
5211,52,relativistic,0.6931471805599453,0.012720379047095776,0.00881709487214824
5213,52,heavy-ion,0.6931471805599453,0.010806857608258724,0.007490742881877328
5214,52,equation,0.6931471805599453,0.01044237706810236,0.007238104223098978
5300,53,cosmic,0.6931471805599453,0.05515192076563835,0.03822839838116772
5301,53,spectrum,0.6931471805599453,0.024270331487059593,0.01682291184151062
5302,53,scale,0.6931471805599453,0.02374838851392269,0.016461128541267703
5303,53,energy,0.6931471805599453,0.022418679669499397,0.015539444604790073
5304,53,ray,0.6931471805599453,0.02072858065366745,0.01436795723709902
5305,53,universe,0.6931471805599453,0.02016935683786869,0.013980332825876136
5306,53,radiation,0.6931471805599453,0.017907606437802315,0.0124126069129398
5307,53,gravitational,0.6931471805599453,0.017609352245926857,0.012205872860751142
5308,53,cosmological,0.6931471805599453,0.017360808327794075,0.012033595344652082
5309,53,power,0.6931471805599453,0.01700042001903057,0.011783793204525892
5310,53,observation,0.6931471805599453,0.01593168079853058,0.011042999627082488
5311,53,cmb,0.6931471805599453,0.015434592962265015,0.010698444594884369
5312,53,background,0.6931471805599453,0.012427210807800293,0.008613886133650854
5324,53,cosmic ray,1.0986122886681098,0.007406622637063265,0.008137006646605103
5326,53,cosmic rays,1.0986122886681098,0.007108369842171669,0.0078093424610075875
5400,54,data,0.6931471805599453,0.06008923053741455,0.04165068072902546
5401,54,measurement,0.6931471805599453,0.04742772504687309,0.03287439389661238
5402,54,uncertainty,0.6931471805599453,0.03087037242949009,0.021397711612336525
5403,54,experiment,0.6931471805599453,0.023177485913038254,0.016065409013090316
5404,54,analysis,0.6931471805599453,0.018364137038588524,0.012729049811714098
5405,54,experimental,0.6931471805599453,0.016416212543845177,0.01137885144023909
5406,54,fit,0.6931471805599453,0.015145828016102314,0.010498287986607149
5407,54,determination,0.6931471805599453,0.014736481942236423,0.010214550909633724
5408,54,systematic,0.6931471805599453,0.013296712189912796,0.00921657856515511
5409,54,first,0.6931471805599453,0.01284501887857914,0.008903488619926401
5410,54,theoretical,0.6931471805599453,0.012746211141347885,0.00883500031544705
5411,54,error,0.6931471805599453,0.01271798089146614,0.008815432597335015
5413,54,parameter,0.6931471805599453,0.01158874947577715,0.008032709025350474
5414,54,detector,0.6931471805599453,0.011489941738545895,0.007964220720871122
5415,54,current,0.6931471805599453,0.010078403167426586,0.0069858167400481605
5500,55,phase,0.6931471805599453,0.12059257179498672,0.08358840113616783
5501,55,temperature,0.6931471805599453,0.0918571949005127,0.06367055565943576
5502,55,transition,0.6931471805599453,0.07039139419794083,0.04879159642398637
5503,55,potential,0.6931471805599453,0.04572971910238266,0.03169742586361481
5504,55,density,0.6931471805599453,0.04287675768136978,0.02971990369839344
5505,55,chemical,0.6931471805599453,0.038501299917697906,0.026687067485845158
5506,55,finite,0.6931471805599453,0.035223133862018585,0.02441481592694372
5508,55,finite temperature,1.0986122886681098,0.022028179839253426,0.02420042906839492
5507,55,matter,0.6931471805599453,0.02538864128291607,0.017598065123501105
5511,55,chemical potential,1.0986122886681098,0.012961792759597301,0.014239984808862925
5509,55,critical,0.6931471805599453,0.01955926977097988,0.013557452695566071
5510,55,high,0.6931471805599453,0.013812195509672165,0.009573884374871998
5512,55,thermal,0.6931471805599453,0.012948076240718365,0.00897492253992915
5513,55,order,0.6931471805599453,0.011987945064902306,0.008309410322444543
5520,55,first order,1.0986122886681098,0.00751647399738431,0.008257690700980713
5600,56,mass,0.6931471805599453,0.14555838704109192,0.10089338558438614
5601,56,baryon,0.6931471805599453,0.05425242334604263,0.037604914280854
5602,56,decay,0.6931471805599453,0.049545176327228546,0.034342099281563815
5603,56,scalar,0.6931471805599453,0.031631991267204285,0.021925625562359462
5604,56,beta,0.6931471805599453,0.031229035928845406,0.021646318205684426
5610,56,double beta decay,1.3862943611198906,0.014011864550411701,0.019424568815011433
5605,56,double,0.6931471805599453,0.02674158290028572,0.01853585279104309
5607,56,double beta,1.0986122886681098,0.016338014975190163,0.017949144024187517
5606,56,scale,0.6931471805599453,0.02174127660691738,0.015069904581858676
5608,56,light,0.6931471805599453,0.015312311239540577,0.010613685363543911
5609,56,neutrinoless,0.6931471805599453,0.014982620254158974,0.010385160986570623
5611,56,effective,0.6931471805599453,0.013242587447166443,0.009179062152321943
5612,56,glueball,0.6931471805599453,0.012931212782859802,0.008963233681659995
5613,56,gev,0.6931471805599453,0.012180251069366932,0.008442706687243947
5614,56,hierarchy,0.6931471805599453,0.011246128007769585,0.007795221920801722
5700,57,chiral,0.6931471805599453,0.10402557253837585,0.07210503231110929
5701,57,quark,0.6931471805599453,0.093309186398983,0.06467699947279747
5702,57,qcd,0.6931471805599453,0.06476014852523804,0.044888314362912046
5703,57,lattice,0.6931471805599453,0.034752167761325836,0.02408836710210923
5706,57,chiral symmetry,1.0986122886681098,0.020719056949019432,0.022762210573807142
5704,57,mass,0.6931471805599453,0.02946219965815544,0.020421640626144627
5711,57,chiral perturbation theory,1.3862943611198906,0.01382320374250412,0.019163029400844828
5710,57,chiral perturbation,1.0986122886681098,0.014778337441384792,0.016235663119189364
5705,57,pion,0.6931471805599453,0.021831629797816277,0.01513253264138484
5707,57,condensate,0.6931471805599453,0.018042583018541336,0.012506165549320674
5708,57,baryon,0.6931471805599453,0.017622744664549828,0.012215155777960531
5709,57,transition,0.6931471805599453,0.01577545329928398,0.01093471097645378
5712,57,perturbation,0.6931471805599453,0.013644772581756115,0.009457835644425896
5713,57,flavor,0.6931471805599453,0.013245925307273865,0.009181375780644506
5714,57,symmetry,0.6931471805599453,0.012406247667968273,0.008599355592380604
5800,58,symmetry,0.6931471805599453,0.12257382273674011,0.08496169964042592
5801,58,gauge,0.6931471805599453,0.08424554765224457,0.05839456382988184
5802,58,su,0.6931471805599453,0.052521687000989914,0.036405259262988085
5803,58,model,0.6931471805599453,0.041168708354234695,0.028535974123032444
5804,58,group,0.6931471805599453,0.03916472941637039,0.02714692177235029
5805,58,theory,0.6931471805599453,0.036751244217157364,0.02547402131119262
5806,58,breaking,0.6931471805599453,0.03347517177462578,0.02320322093434172
5807,58,anomaly,0.6931471805599453,0.018018394708633423,0.012489399490505494
5808,58,fermion,0.6931471805599453,0.016737589612603188,0.011601613049345327
5809,58,spontaneous,0.6931471805599453,0.016667887568473816,0.011553299273977788
5810,58,unification,0.6931471805599453,0.01293003000319004,0.008962413841266677
5811,58,representation,0.6931471805599453,0.01216329075396061,0.008430950692438648
5812,58,discrete,0.6931471805599453,0.010969615541398525,0.007603558084346946
5813,58,symmetric,0.6931471805599453,0.010943477042019367,0.007585440257198215
5814,58,grand,0.6931471805599453,0.010856347158551216,0.007525046424129748
5900,59,production,0.6931471805599453,0.11135026067495346,0.07718211924145894
5901,59,section,0.6931471805599453,0.06718096137046814,0.04656629396124659
5902,59,cross,0.6931471805599453,0.06593768298625946,0.04570451905458122
5903,59,collision,0.6931471805599453,0.057071100920438766,0.039558672694454226
5904,59,energy,0.6931471805599453,0.022695394232869148,0.015731248524209693
5905,59,lhc,0.6931471805599453,0.020972246304154396,0.014536853395733353
5906,59,rapidity,0.6931471805599453,0.01819121651351452,0.012609190437298107
5907,59,process,0.6931471805599453,0.017831318080425262,0.012359727853114346
5908,59,pair,0.6931471805599453,0.016784342005848885,0.011634019338908012
5909,59,pp,0.6931471805599453,0.016271760687232018,0.011278725043101031
5910,59,inclusive,0.6931471805599453,0.014875792898237705,0.010311113906007122
5911,59,differential,0.6931471805599453,0.011025975458323956,0.0076426238018604
5912,59,fusion,0.6931471805599453,0.010906009003520012,0.0075594693919512745
5913,59,nuclear,0.6931471805599453,0.010208025574684143,0.007075664146176129
5914,59,gev,0.6931471805599453,0.009422793984413147,0.006531383083293186
6000,60,model,0.6931471805599453,0.04803133383393288,0.03329278362552408
6001,60,symmetry,0.6931471805599453,0.03624863550066948,0.02512563949643419
6002,60,supersymmetric,0.6931471805599453,0.027783669531345367,0.019258172201261296
6003,60,supersymmetry,0.6931471805599453,0.02089226059615612,0.014481411527749257
6004,60,sigma,0.6931471805599453,0.020181316882371902,0.013988622897002909
6005,60,term,0.6931471805599453,0.017043687403202057,0.01181378386987456
6006,60,integrable,0.6931471805599453,0.01618107780814171,0.011215868461134525
6007,60,lagrangian,0.6931471805599453,0.01610524393618107,0.011163304426594063
6008,60,algebra,0.6931471805599453,0.015830345451831818,0.010972759317227177
6009,60,su,0.6931471805599453,0.013517409563064575,0.009369554327112253
6010,60,group,0.6931471805599453,0.012635840103030205,0.008758496941421674
6011,60,chiral,0.6931471805599453,0.012607402168214321,0.008738785267083098
6012,60,deformation,0.6931471805599453,0.011194995604455471,0.0077597796396092905
6013,60,fermionic,0.6931471805599453,0.011194995604455471,0.0077597796396092905
6014,60,sl,0.6931471805599453,0.010815825313329697,0.007496958821363366
6100,61,scattering,0.6931471805599453,0.04723447561264038,0.032740443596129175
6101,61,function,0.6931471805599453,0.036173608154058456,0.025073634502665865
6102,61,data,0.6931471805599453,0.03457128629088402,0.023962989620856946
6103,61,proton,0.6931471805599453,0.03248341381549835,0.022515786701174656
6104,61,structure,0.6931471805599453,0.0302790105342865,0.02098781078198557
6105,61,nucleon,0.6931471805599453,0.025918757542967796,0.01796551371452494
6106,61,inelastic,0.6931471805599453,0.02365608513355255,0.01639714871340799
6107,61,distribution,0.6931471805599453,0.020082425326108932,0.013920076493598046
6108,61,moment,0.6931471805599453,0.019062766805291176,0.013213303064759294
6109,61,deep,0.6931471805599453,0.018450971692800522,0.012789239007456042
6110,61,dipole,0.6931471805599453,0.018382994458079338,0.012742120778866793
6111,61,$q^2$,0.6931471805599453,0.018149930983781815,0.01258057348876596
6121,61,inelastic scattering,1.0986122886681098,0.010283993557095528,0.011298121698408813
6112,61,hera,0.6931471805599453,0.015605639666318893,0.010817005135543387
6113,61,target,0.6931471805599453,0.014751068316400051,0.010224661413759835
6200,62,solution,0.6931471805599453,0.07254423201084137,0.05028382988420123
6201,62,gravity,0.6931471805599453,0.05190696194767952,0.035979164325466426
6202,62,spacetime,0.6931471805599453,0.02872287854552269,0.019909182281394794
6203,62,metric,0.6931471805599453,0.028642605990171432,0.019853541585976728
6204,62,gravitational,0.6931471805599453,0.023133009672164917,0.016034580432127056
6205,62,ad,0.6931471805599453,0.02130134403705597,0.014764966561422748
6206,62,geometry,0.6931471805599453,0.018623169511556625,0.012908597440025408
6207,62,space,0.6931471805599453,0.017236648127436638,0.011947534051836566
6208,62,flat,0.6931471805599453,0.01681339554488659,0.011654157717577284
6209,62,curvature,0.6931471805599453,0.01604715920984745,0.01112304316230232
6210,62,sitter,0.6931471805599453,0.015463361516594887,0.010718385437206905
6211,62,singularity,0.6931471805599453,0.01529551949352026,0.01060204621213325
6212,62,general,0.6931471805599453,0.015186057426035404,0.01052617288867786
6213,62,dilaton,0.6931471805599453,0.014157112687826157,0.009812962744436129
6214,62,einstein,0.6931471805599453,0.013806833885610104,0.009570167980270158
6300,63,magnetic,0.6931471805599453,0.07228358089923859,0.05010316030108394
6301,63,field,0.6931471805599453,0.06341780722141266,0.04395787427281632
6302,63,particle,0.6931471805599453,0.04166572540998459,0.028880480093915688
6306,63,magnetic field,1.0986122886681098,0.02542039006948471,0.027927152913072687
6303,63,electric,0.6931471805599453,0.028985600918531418,0.020091287553515812
6304,63,relativistic,0.6931471805599453,0.02896841987967491,0.020079378564873334
6305,63,electromagnetic,0.6931471805599453,0.027439244091510773,0.01901943467872683
6307,63,effect,0.6931471805599453,0.023796716704964638,0.01649462709062999
6308,63,plasma,0.6931471805599453,0.021210864186286926,0.0147022507079647
6309,63,moment,0.6931471805599453,0.017087247222661972,0.011843977235918901
6310,63,energy,0.6931471805599453,0.01560961827635765,0.010819762897874298
6311,63,medium,0.6931471805599453,0.015162892639636993,0.010510116282297529
6322,63,magnetic fields,1.0986122886681098,0.007714609149843454,0.008475364414289458
6312,63,external,0.6931471805599453,0.011477409861981869,0.007955534285963644
6326,63,electromagnetic field,1.0986122886681098,0.006451751105487347,0.007087973047916462
6400,64,higgs,0.6931471805599453,0.07540611922740936,0.05226753893944588
6401,64,model,0.6931471805599453,0.07111707329750061,0.04929459884583752
6404,64,standard model,1.0986122886681098,0.03811508044600487,0.04187369576155452
6402,64,standard,0.6931471805599453,0.05292747914791107,0.03668653294551986
6403,64,boson,0.6931471805599453,0.047868434339761734,0.03317987030042471
6405,64,electroweak,0.6931471805599453,0.03774359077215195,0.026161863527925492
6406,64,supersymmetric,0.6931471805599453,0.029118221253156662,0.020183212964546216
6407,64,lhc,0.6931471805599453,0.028557606041431427,0.019794624111159852
6408,64,minimal,0.6931471805599453,0.018466534093022346,0.012800026041292547
6422,64,supersymmetric standard model,1.3862943611198906,0.00871318206191063,0.012079035159837687
6409,64,collider,0.6931471805599453,0.016116002574563026,0.011170761746455182
6410,64,tev,0.6931471805599453,0.015960652381181717,0.011063081197913485
6411,64,mass,0.6931471805599453,0.01506907120347023,0.010445084218342452
6412,64,scalar,0.6931471805599453,0.014744860120117664,0.010220358220010335
6421,64,supersymmetric standard,1.0986122886681098,0.009077919647097588,0.00997311407984308
6500,65,decay,0.6931471805599453,0.07016056776046753,0.048631599729653065
6501,65,search,0.6931471805599453,0.0282706618309021,0.019595729540653452
6502,65,data,0.6931471805599453,0.028069423511624336,0.019456241767025446
6503,65,limit,0.6931471805599453,0.027387812733650208,0.01898378517803341
6504,65,gamma,0.6931471805599453,0.019948508590459824,0.013827252485853075
6505,65,collider,0.6931471805599453,0.018572302535176277,0.01287333913876376
6506,65,muon,0.6931471805599453,0.017734892666339874,0.012292890849206733
6507,65,gev,0.6931471805599453,0.016741687431931496,0.011604453441259188
6508,65,measurement,0.6931471805599453,0.016073059290647507,0.011140995730285154
6509,65,signal,0.6931471805599453,0.015164243057370186,0.010511052320541869
6510,65,experiment,0.6931471805599453,0.014631937257945538,0.010142086056474967
6511,65,detector,0.6931471805599453,0.014508597552776337,0.01005659348758584
6519,65,magnetic moment,1.0986122886681098,0.0090362299233675,0.009927313237042028
6512,65,event,0.6931471805599453,0.013742595911026001,0.009525641609302306
6513,65,upper,0.6931471805599453,0.01346345990896225,0.00933215927647904
6600,66,operator,0.6931471805599453,0.06708116084337234,0.04649711750727174
6601,66,lattice,0.6931471805599453,0.06373631954193115,0.04417865018975732
6602,66,matrix,0.6931471805599453,0.04579320549964905,0.03174143128088392
6603,66,fermion,0.6931471805599453,0.032605160027742386,0.02260017474493546
6604,66,loop,0.6931471805599453,0.02811938337981701,0.019490871308804347
6605,66,wilson,0.6931471805599453,0.027191048488020897,0.018847398595940448
6606,66,theory,0.6931471805599453,0.026191845536231995,0.018154803887100796
6607,66,element,0.6931471805599453,0.02283991500735283,0.015831422691575395
6608,66,gauge,0.6931471805599453,0.019778531044721603,0.013709433029266128
6609,66,function,0.6931471805599453,0.019587194547057152,0.0135768086753718
6610,66,action,0.6931471805599453,0.017050214111804962,0.011818307839541001
6611,66,calculation,0.6931471805599453,0.014392762444913387,0.00997630270916078
6612,66,continuum,0.6931471805599453,0.013322696089744568,0.009234589232063455
6613,66,expansion,0.6931471805599453,0.013315608724951744,0.00922967664513971
6614,66,method,0.6931471805599453,0.013216397725045681,0.009160908820274288
6700,67,algebra,0.6931471805599453,0.03423167020082474,0.023727585685559563
6701,67,space,0.6931471805599453,0.03247551620006561,0.022510312491304307
6702,67,integral,0.6931471805599453,0.02843104675412178,0.019706899897987497
6703,67,representation,0.6931471805599453,0.0276128388941288,0.019139761426721375
6704,67,function,0.6931471805599453,0.02195856161415577,0.015220515072003912
6705,67,group,0.6931471805599453,0.021645912900567055,0.015003803497674202
6706,67,operator,0.6931471805599453,0.02028888650238514,0.014063184475828988
6707,67,invariant,0.6931471805599453,0.014375176280736923,0.009964112909045
6708,67,form,0.6931471805599453,0.013703315518796444,0.0094984145161771
6709,67,path,0.6931471805599453,0.012399504892528057,0.00859468185659507
6710,67,transformation,0.6931471805599453,0.010004752315580845,0.0069347658597454466
6711,67,lie,0.6931471805599453,0.009931579232215881,0.006884046143318144
6712,67,differential,0.6931471805599453,0.009386108256876469,0.006505954474684347
6713,67,product,0.6931471805599453,0.009312935173511505,0.006455234758257045
6714,67,partition,0.6931471805599453,0.009086763486266136,0.006298464490920431
6800,68,boundary,0.6931471805599453,0.07080984860658646,0.049081646917531974
6801,68,condition,0.6931471805599453,0.0633707270026207,0.043925240751900525
6802,68,boundary conditions,1.0986122886681098,0.0258987694978714,0.02845270643174433
6803,68,state,0.6931471805599453,0.019553961232304573,0.013553773096950389
6804,68,tensor,0.6931471805599453,0.018614398315548897,0.012902517710242513
6805,68,entropy,0.6931471805599453,0.016901079565286636,0.011714935649097738
6806,68,entanglement,0.6931471805599453,0.01401606947183609,0.009715199036935507
6807,68,distance,0.6931471805599453,0.012612253427505493,0.00874214790378294
6808,68,case,0.6931471805599453,0.01249066274613142,0.008657867665806137
6809,68,surface,0.6931471805599453,0.01054521556943655,0.007309386440351783
6810,68,general,0.6931471805599453,0.010523108765482903,0.00729406317152012
6811,68,correlation,0.6931471805599453,0.009948317892849445,0.006895648498742649
6829,68,boundary condition,1.0986122886681098,0.005935833789408207,0.006521179944535249
6812,68,term,0.6931471805599453,0.009395633824169636,0.00651255709479684
6813,68,phys,0.6931471805599453,0.008865057490766048,0.0061447896052263095
6900,69,system,0.6931471805599453,0.053051162511110306,0.03677226372000358
6901,69,energy,0.6931471805599453,0.031709570437669754,0.02197939934563778
6902,69,time,0.6931471805599453,0.029143476858735085,0.020200718816346233
6903,69,quantum,0.6931471805599453,0.023923631757497787,0.01658259790146396
6904,69,state,0.6931471805599453,0.021054711192846298,0.014594013700825335
6905,69,fluctuation,0.6931471805599453,0.020433111116290092,0.014163153360324554
6906,69,density,0.6931471805599453,0.016966495662927628,0.011760278632740824
6907,69,gas,0.6931471805599453,0.015547973103821278,0.01077703372033558
6908,69,dynamic,0.6931471805599453,0.015452342107892036,0.010710747365133087
6909,69,thermal,0.6931471805599453,0.014408373273909092,0.009987123311265356
6910,69,temperature,0.6931471805599453,0.013850527815520763,0.009600454304595316
6911,69,phase,0.6931471805599453,0.013627389445900917,0.009445786572818575
6912,69,casimir,0.6931471805599453,0.011563358828425407,0.008015109569726023
6913,69,force,0.6931471805599453,0.011029420420527458,0.007645011667698894
6914,69,surface,0.6931471805599453,0.01083815935999155,0.007512439602837524
7000,70,quark,0.6931471805599453,0.08145307004451752,0.056458965849309053
7001,70,heavy,0.6931471805599453,0.0531872995197773,0.03686662670373097
7002,70,hadron,0.6931471805599453,0.042552459985017776,0.029495117664504963
7003,70,distribution,0.6931471805599453,0.039031509310007095,0.027054580631230674
7004,70,collision,0.6931471805599453,0.027048496529459953,0.01874858910778063
7005,70,production,0.6931471805599453,0.02513749711215496,0.017423985249623977
7006,70,gluon,0.6931471805599453,0.022984351962804794,0.015931538760015587
7007,70,hadronic,0.6931471805599453,0.019456855952739716,0.013486464846202521
7008,70,qcd,0.6931471805599453,0.018959473818540573,0.013141705822221498
7014,70,heavy quark,1.0986122886681098,0.01152490172535181,0.0126613986611638
7016,70,heavy ion,1.0986122886681098,0.010104740969836712,0.011101192603270726
7009,70,charm,0.6931471805599453,0.015739571303129196,0.010909839471986225
7010,70,correlation,0.6931471805599453,0.015274910256266594,0.010587760977437381
7011,70,ion,0.6931471805599453,0.013867838308215141,0.009612453023800527
7025,70,heavy ion collisions,1.3862943611198906,0.00661651324480772,0.009172435001552013
7100,71,state,0.6931471805599453,0.03249705955386162,0.022525245206247813
7101,71,new,0.6931471805599453,0.026721695438027382,0.01852206785265023
7102,71,interaction,0.6931471805599453,0.024797586724162102,0.01718837732254369
7103,71,coupling,0.6931471805599453,0.02378537878394127,0.01648676824263923
7104,71,physic,0.6931471805599453,0.019411301240324974,0.013454888725731026
7105,71,strong,0.6931471805599453,0.01861794851720333,0.012904978522509703
7106,71,problem,0.6931471805599453,0.016897499561309814,0.01171245417943481
7107,71,particle,0.6931471805599453,0.016161900013685226,0.011202575426977656
7108,71,theory,0.6931471805599453,0.015465816482901573,0.010720087090180755
7109,71,recent,0.6931471805599453,0.014742376282811165,0.010218636555184365
7110,71,such,0.6931471805599453,0.013140473514795303,0.009108282168003
7111,71,bound,0.6931471805599453,0.01265108771622181,0.008769065781515704
7112,71,model,0.6931471805599453,0.01225897017866373,0.008497270615909214
7113,71,approach,0.6931471805599453,0.010672265663743019,0.007397450855010187
7114,71,role,0.6931471805599453,0.009769485332071781,0.006771691213447296
7200,72,theory,0.6931471805599453,0.10325431078672409,0.07157043440247815
7201,72,field,0.6931471805599453,0.10098031908273697,0.06999422346424276
7202,72,quantum,0.6931471805599453,0.0700792744755745,0.048575251518431
7203,72,equation,0.6931471805599453,0.05965738371014595,0.041351347318270476
7204,72,solution,0.6931471805599453,0.030639173462986946,0.021237456700556497
7205,72,classical,0.6931471805599453,0.022242655977606773,0.01541743427904295
7206,72,dimension,0.6931471805599453,0.014628442004323006,0.010139663331281166
7212,72,quantum field,1.0986122886681098,0.008220834657549858,0.009031509977892966
7207,72,class,0.6931471805599453,0.011485963128507137,0.007961462958540211
7221,72,quantum field theory,1.3862943611198906,0.005635250359773636,0.007812115797253026
7208,72,problem,0.6931471805599453,0.009699258022010326,0.006723013351479889
7209,72,space-time,0.6931471805599453,0.00915562268346548,0.006346194049314778
7210,72,dimensional,0.6931471805599453,0.00907938089221716,0.006293347266670165
7211,72,two-dimensional,0.6931471805599453,0.008704802952706814,0.006033709623998615
7213,72,arbitrary,0.6931471805599453,0.0072330087423324585,0.00501353961671318
7300,73,result,0.6931471805599453,0.054214440286159515,0.03757858642998698
7301,73,mass,0.6931471805599453,0.03783160075545311,0.02622286739971182
7302,73,effect,0.6931471805599453,0.03624897450208664,0.0251258744743107
7303,73,large,0.6931471805599453,0.03623383119702339,0.02511537793510175
7304,73,parameter,0.6931471805599453,0.03517748415470123,0.02438317396102331
7305,73,energy,0.6931471805599453,0.03177180513739586,0.022022537152285925
7306,73,value,0.6931471805599453,0.03037659451365471,0.021055450842152462
7307,73,analysis,0.6931471805599453,0.020788071677088737,0.014409193272252112
7308,73,small,0.6931471805599453,0.01743350736796856,0.01208398647937844
7309,73,order,0.6931471805599453,0.01658729463815689,0.011497436511555546
7310,73,region,0.6931471805599453,0.014287184923887253,0.009903121948131005
7311,73,current,0.6931471805599453,0.014183064922690392,0.009830951462861504
7312,73,due,0.6931471805599453,0.014179278165102005,0.00982832668251565
7313,73,contribution,0.6931471805599453,0.013931282795965672,0.009656429391606876
7314,73,present,0.6931471805599453,0.012045761570334435,0.008349485670174652
7400,74,model,0.6931471805599453,0.07691393792629242,0.05331267921937224
7401,74,case,0.6931471805599453,0.021764367818832397,0.015085910190293282
7402,74,structure,0.6931471805599453,0.01619427092373371,0.011225013232009922
7403,74,limit,0.6931471805599453,0.015997817739844322,0.011088842261484969
7404,74,new,0.6931471805599453,0.015166167169809341,0.01051238601365415
7405,74,term,0.6931471805599453,0.014876727014780045,0.01031176138625476
7406,74,function,0.6931471805599453,0.014675035141408443,0.01017195923288538
7407,74,such,0.6931471805599453,0.014001856558024883,0.009705347395799728
7408,74,number,0.6931471805599453,0.013747776858508587,0.009529232768442489
7409,74,different,0.6931471805599453,0.01252060104161501,0.008678619310911358
7410,74,method,0.6931471805599453,0.012232470326125622,0.00847890231783717
7411,74,particular,0.6931471805599453,0.011762293055653572,0.008153000268446097
7412,74,property,0.6931471805599453,0.01026008278131485,0.00711174745218003
7413,74,spectrum,0.6931471805599453,0.010184121318161488,0.007059094978164069
7414,74,approach,0.6931471805599453,0.010161856189370155,0.007043661966917553
