,ngram,partition,termhood_x
0,standard model,0,697792641.1644003
2,dark matter,0,451720393.62828594
8,new physic,0,247440060.56840286
18,other hand,0,155825822.2456133
20,extra dimension,0,152012992.32797533
15,supersymmetric standard model,0,137228780.48330685
29,higgs boson,0,117187218.49471323
30,magnetic moment,0,116233968.324708
35,cp violation,0,110027648.3257601
38,upper bound,0,107161950.24836957
40,low energy,0,103103250.19774617
45,early universe,0,94743730.35374026
46,radiative correction,0,94266580.2426997
67,lower bound,0,77302150.23162933
44,dark matter candidate,0,76106154.52443355
71,supersymmetric model,0,75629268.27633996
77,neutrino oscillation,0,72044726.25401235
82,free parameter,0,68935792.20299023
83,future experiment,0,68218742.21500608
86,linear collider,0,66067364.26251824
87,right-handed neutrino,0,66066226.48581783
88,tree level,0,65110386.22822739
89,sterile neutrino,0,64393444.46786287
65,double beta decay,0,62002198.582573146
93,scalar potential,0,62002130.23436823
99,neutrino mass,0,58653794.37556865
100,relic density,0,58652950.54918802
76,dark matter particle,0,57457468.51532156
113,same time,0,55544760.17194604
118,such model,0,54587920.19911265
120,experimental constraint,0,54348098.306652874
125,higgs mass,0,53152412.29688725
126,simple model,0,52674702.15148151
130,yukawa coupling,0,52195764.25782227
132,massive particle,0,51478178.24926879
134,new particle,0,50760306.255529955
138,gauge symmetry,0,49803486.23105438
141,large value,0,49325090.206484444
153,gauge boson,0,47410860.24688532
154,electroweak scale,0,47171458.28978699
156,supersymmetric extension,0,46932724.20790886
166,dipole moment,0,45736508.2789243
171,cosmic ray,0,44540364.365208775
179,supersymmetric particle,0,43821908.369612336
181,discrete symmetry,0,43583132.17993244
127,direct detection experiment,0,41668178.53183682
197,higgs field,0,41429092.22683753
128,dark matter annihilation,0,41428842.6023896
196,direct detection,0,41428680.43024106
203,near future,0,40232520.2134633
205,lower limit,0,39993320.22599501
217,numerical analysis,0,39036078.172306985
145,dark matter search,0,38557480.29675087
223,minimal model,0,38079010.18551654
160,electroweak symmetry breaking,0,36881828.29008874
246,small value,0,35446048.17825985
247,direct search,0,35206398.288929895
249,electroweak symmetry,0,35206354.28228035
175,electric dipole moment,0,34967316.274565876
251,effective lagrangian,0,34488888.15292976
259,unified theory,0,33531420.172071792
192,cold dark matter,0,33530880.295069136
193,dark matter model,0,33530804.37365909
288,strong constraint,0,31376724.18261561
293,one-loop level,0,30898072.182526868
291,experimental bound,0,30897990.186452966
300,phenomenological implication,0,30419306.161052927
222,spontaneous symmetry breaking,0,30419264.181432128
299,relic abundance,0,30418704.398163177
301,current data,0,30179778.197882656
306,one-loop correction,0,29701164.171196945
232,dark matter mass,0,29461158.456685282
235,neutrino mass matrix,0,29222438.27449401
315,neutral current,0,29222272.194489244
314,stringent constraint,0,29222228.17807374
321,scalar particle,0,28982960.14419314
240,standard model particle,0,28743260.207654875
329,higgs model,0,28504044.387564912
340,experimental limit,0,28025172.189514186
348,elementary particle,0,27785950.14282758
253,big bang nucleosynthesis,0,27306818.29205974
357,baryon asymmetry,0,27306668.310671758
364,experimental search,0,26828168.165226478
383,brief review,0,26110136.111197073
382,symmetric model,0,26109744.253306866
380,scalar mass,0,26109646.211944453
391,recent observation,0,25870548.13482718
393,rare decay,0,25870532.160244722
394,grand unification,0,25870492.173909474
388,simplified model,0,25870102.298433203
402,galactic center,0,25630724.57584786
400,higgs doublet,0,25630684.225066815
403,recent year,0,25391544.17119946
412,atmospheric neutrino,0,25152482.24907798
411,effective operator,0,25151920.204865243
286,neutral higgs boson,0,24912454.25993602
417,higgs potential,0,24912422.249151457
428,other model,0,24433668.158683244
295,higgs doublet model,0,24433614.21874181
431,solar neutrino,0,24194682.283929277
435,axion-like particle,0,23955024.204857018
436,weak interaction,0,23954966.142939415
437,same order,0,23954840.15152678
305,standard model gauge,0,23715414.171900965
453,randall-sundrum model,0,23476050.154900767
457,dark photon,0,23236480.24026077
316,neutrino mass hierarchy,0,22997312.271945596
471,weak scale,0,22757402.217028588
473,future collider,0,22518120.158491936
491,active neutrino,0,21799630.359552633
493,cosmological observation,0,21799526.24976463
499,next generation,0,21560372.141563095
359,dark matter density,0,21559964.317691553
505,heavy neutrino,0,21320658.27886591
520,scalar sector,0,21081306.16282909
365,strong cp problem,0,21081286.226280723
366,new physic model,0,21081282.17228939
524,specific example,0,20841892.138622496
534,phenomenological consequence,0,20602390.155603718
543,uv completion,0,20362814.18607654
547,lightest neutralino,0,20362682.37764768
569,open question,0,19884040.144045968
562,cp-violating phase,0,19883972.192219533
566,new constraint,0,19883972.15099858
565,few percent,0,19883960.151477825
575,fine tuning,0,19883958.161239874
576,two-higgs-doublet model,0,19883812.221668035
563,scalar boson,0,19883806.189114287
585,specific model,0,19644400.15903462
595,higgs coupling,0,19404792.249245223
426,light neutrino mass,0,19404784.308381755
600,experimental test,0,19165674.117618967
605,dirac fermion,0,19165516.151970927
434,composite higgs model,0,19165340.358619016
617,decay rate,0,18925954.16262285
609,effective coupling,0,18925926.19241438
446,electroweak phase transition,0,18686396.365865316
456,neutrino oscillation experiment,0,18447082.1796396
636,gauge coupling,0,18447004.16320339
629,milky way,0,18446964.358685903
646,experimental signature,0,18207506.149502452
645,electroweak baryogenesis,0,18207272.404040966
652,kinetic mixing,0,17968024.214773938
657,susy model,0,17968004.200441822
656,cosmological data,0,17967910.25053116
659,parameter space,0,17967814.18949465
666,stringent limit,0,17728532.16377776
669,flavour violation,0,17728416.229989342
387,dark matter relic density,0,17728254.268904153
674,high scale,0,17488910.20766037
686,indirect detection,0,17249280.304606266
707,other experiment,0,17010080.167237483
699,massive neutrino,0,17010060.18111308
704,nambu-goldstone boson,0,17009990.178148054
703,planck scale,0,17009974.18320072
500,neutral gauge boson,0,17009896.22500179
710,boson mass,0,17009882.170739513
717,broad range,0,16770584.124654293
716,minimal supergravity,0,16770516.182494171
514,new physic contribution,0,16770444.175829317
516,dark matter abundance,0,16770324.227134468
725,new state,0,16531040.13956696
731,big bang,0,16530996.216235107
728,hidden sector,0,16530932.197429918
730,heavy particle,0,16530932.161129734
726,subsequent decay,0,16530928.16677208
754,new mechanism,0,16291634.113816874
743,effective interaction,0,16291494.154052842
748,one-loop contribution,0,16291402.171971845
751,lhc search,0,16291376.168647515
539,standard model fermion,0,16291358.184294598
767,flavour symmetry,0,16051956.214534981
773,neutrino interaction,0,15812684.16075533
784,new contribution,0,15812432.14449936
561,light higgs boson,0,15812380.219282065
788,underground laboratory,0,15573300.147828618
791,possible explanation,0,15573040.130623482
798,threshold correction,0,15573026.15573542
796,realistic model,0,15572990.13665012
580,dark matter scenario,0,15572660.235593138
803,allowed region,0,15333342.158897657
598,new physic scenario,0,15333304.201512532
825,cosmological constraint,0,15093812.202975318
819,current limit,0,15093750.173457963
618,dark matter detection,0,14854236.220888779
848,generic feature,0,14614906.130435955
847,new limit,0,14614904.147800252
853,neutral particle,0,14614892.172625586
857,natural way,0,14614864.15688673
849,soft term,0,14614850.24930796
859,such scenario,0,14614850.151945366
858,current bound,0,14614802.160259983
843,tev scale,0,14614704.200761324
874,lepton number,0,14375356.159506965
861,different scenario,0,14375356.136606798
860,loop correction,0,14375342.166627659
651,two-higgs doublet model,0,14375236.193410965
868,large region,0,14375194.161767842
870,stringent bound,0,14375190.184125785
869,visible sector,0,14375136.223615449
876,specific case,0,14135844.12995091
885,fifth dimension,0,14135748.298861163
905,large mass,0,13656738.142225992
908,yukawa interaction,0,13656700.145960461
903,new interaction,0,13656688.166254662
934,supersymmetric su,0,13417358.125159195
936,experimental evidence,0,13417354.116963107
926,wide variety,0,13417222.140631262
920,many case,0,13417222.137874717
919,third generation,0,13417190.143838733
713,dark matter halo,0,13417152.294335362
916,see-saw mechanism,0,13417112.217881687
930,phenomenological constraint,0,13417092.180741392
924,indirect search,0,13416984.237415291
579,dark matter direct detection,0,13416884.40566822
939,experimental setup,0,13177810.122339733
951,baryon number,0,13177718.135989066
952,additional contribution,0,13177684.122474106
948,independent way,0,13177668.143003754
945,additional constraint,0,13177648.141660394
953,experimental sensitivity,0,13177566.160485245
946,simple extension,0,13177522.173869593
968,cpt violation,0,12938326.200453345
969,present data,0,12938204.123332737
972,normal hierarchy,0,12938114.347005978
959,minimal extension,0,12938060.160201931
964,current constraint,0,12938042.165061146
738,standard model field,0,12938004.16906589
991,observed value,0,12698678.102691237
984,electromagnetic interaction,0,12698652.157954622
986,majorana fermion,0,12698608.133468073
988,seesaw model,0,12698510.254229736
993,such particle,0,12698494.174454525
772,higgs boson mass,0,12698384.208070975
1,black hole,1,564938797.230134
3,scalar field,1,411836974.63403934
11,boundary condition,1,212735090.32006443
14,cosmological constant,1,187032664.45018
9,quantum field theory,1,184176866.26949674
16,general relativity,1,158924872.43289873
12,conformal field theory,1,158210956.39808294
19,effective action,1,152728580.28221363
22,effective theory,1,149390172.27711463
32,gauge theory,1,113847362.26347315
37,angular momentum,1,109311590.27039471
43,previous work,1,96655588.17316212
50,gravitational wave,1,91400004.4035548
52,dark energy,1,90922158.51153529
53,exact solution,1,89489590.20798343
54,initial condition,1,87338922.28386244
57,quantum gravity,1,85427532.28217818
60,anomalous dimension,1,84472102.33214173
62,electromagnetic field,1,84233200.22597833
39,cosmic microwave background,1,82798430.64028405
63,modulus space,1,82322222.26921934
66,special case,1,77541858.17371608
68,fixed point,1,77063706.26039277
70,central charge,1,76107774.32253718
79,differential equation,1,70849164.20394179
80,strong coupling,1,70131346.24375114
81,free energy,1,69653330.29746807
92,gauge field,1,62719802.188829124
94,electric field,1,62002682.2044091
96,second order,1,61045676.22515329
97,large class,1,59610974.163758464
78,scalar field theory,1,56980362.17680201
106,previous result,1,56262474.15640593
105,cosmological model,1,56262296.304017834
110,electric charge,1,55544726.209766366
111,global symmetry,1,55544640.25313185
114,dimensional reduction,1,55306128.168341294
116,massive gravity,1,54827444.316407464
121,\cal n,1,53870882.26823518
122,first order,1,53870604.20652397
123,entanglement entropy,1,53631548.35597193
84,black hole solution,1,53391858.36641709
129,recent work,1,52196330.13552646
131,ads/cft correspondence,1,51478760.1640968
135,new class,1,50282366.18518398
137,higher dimension,1,50043130.19314015
143,gravitational field,1,48846898.21162438
147,new method,1,48129576.12266472
148,spectral index,1,47889652.56594961
151,kinetic term,1,47650542.22191731
157,explicit expression,1,46694042.14385928
158,numerical simulation,1,46693642.173879534
165,critical value,1,45975936.18543015
164,spatial dimension,1,45975910.18856886
102,supersymmetric gauge theory,1,45737098.22330382
169,critical exponent,1,45258050.35498692
178,supersymmetric theory,1,44061794.161502
182,conformal symmetry,1,43343678.22414199
185,explicit example,1,42865410.15795884
188,dirac equation,1,42626616.138451956
187,inflationary model,1,42625776.37461702
191,two-point function,1,42386724.19590252
190,present paper,1,42386686.15342283
194,complete set,1,42147554.14121215
201,quantum fluctuation,1,40711584.17692914
206,space-time dimension,1,39993710.15027347
210,analytic expression,1,39514892.17063342
214,energy-momentum tensor,1,39275700.189711176
215,quantum correction,1,39275568.195184305
218,new approach,1,39036610.12103267
216,perturbative expansion,1,39036308.175437465
220,arbitrary number,1,38797184.16887466
224,detailed analysis,1,38078842.160912976
226,cosmic string,1,37839900.22905318
227,n =,1,37600754.15178368
228,late time,1,37600106.24006078
231,hilbert space,1,37361432.155039005
230,feynman diagram,1,37361234.159400806
159,supersymmetric yang-mills theory,1,36882684.18537695
234,particular case,1,36882502.12987386
161,super yang-mills theory,1,36643316.17765777
236,linear combination,1,36643222.14352361
239,crucial role,1,36403510.15312779
168,superconformal field theory,1,35925328.22693359
248,higher order,1,35206998.155912556
254,analytic continuation,1,34249588.17408559
255,flat space,1,34010112.17430091
260,hole solution,1,33531118.289021757
261,new type,1,33292202.126542892
262,particular attention,1,33291964.142419208
265,asymptotic behavior,1,33052720.155616805
270,green function,1,32813444.144719332
266,general form,1,32813384.161928173
267,general case,1,32813366.132839303
269,spacetime dimension,1,32813300.16213098
272,cosmological perturbation,1,32573812.252848294
275,dimensional regularization,1,32334718.16538179
276,main result,1,32334574.147650953
274,lorentz invariance,1,32334562.17332625
278,numerical calculation,1,32095204.13676805
277,first step,1,32095194.170014
279,different type,1,32095126.141485255
285,fundamental representation,1,31616502.169986743
284,einstein gravity,1,31616280.200733583
283,tensor-to-scalar ratio,1,31615990.460292403
287,open string,1,31377258.206817627
212,black hole entropy,1,31137688.223464195
294,conformal invariance,1,30898196.176719103
219,black hole horizon,1,30898166.21751437
297,analytical expression,1,30658800.142785963
302,topological defect,1,30180188.138320025
303,n=4 sym,1,29940786.229783863
307,physical interpretation,1,29701406.1175912
308,previous paper,1,29701388.135922525
309,numerical solution,1,29701268.15168453
310,einstein equation,1,29701148.18749011
311,first law,1,29461622.317459613
312,latter case,1,29461592.210677877
320,harmonic oscillator,1,28983296.155717805
318,classical solution,1,28983140.148999546
327,yang-mills theory,1,28743806.140036974
324,minkowski space,1,28743782.154292442
325,infinite number,1,28743722.127475485
326,arbitrary dimension,1,28743674.157110658
323,such theory,1,28743508.15667739
332,scale factor,1,28504028.260179598
330,observational data,1,28503842.343637623
335,numerical study,1,28264756.13674299
344,weak coupling,1,28025358.166643716
337,gravitational theory,1,28025314.17810737
339,second part,1,28025226.496204186
345,super yang-mills,1,27786232.153348457
347,quasinormal mode,1,27785786.32514168
349,exact result,1,27546512.183237832
354,gauge invariance,1,27307372.134880878
358,lorentz symmetry,1,27307186.278457846
353,scalar perturbation,1,27307010.217082262
360,lorentz violation,1,27067806.291680224
370,analytical result,1,26588732.166809358
376,external field,1,26349458.15390891
374,general class,1,26349378.150569726
379,new feature,1,26110046.123616483
384,new model,1,26110030.135227103
396,topological charge,1,25870680.170048565
395,physical quantity,1,25870468.150853872
398,irreducible representation,1,25631420.130900234
401,several example,1,25631262.123307005
404,n limit,1,25391896.14452407
405,earlier work,1,25391716.13174799
406,large distance,1,25391634.158929434
414,non-minimal coupling,1,25152060.22189071
419,cosmological solution,1,24912746.18149949
423,explicit form,1,24673604.111353863
424,local operator,1,24673348.185108107
421,analytic solution,1,24673276.158750728
439,magnetic flux,1,23955072.203674298
441,general solution,1,23715604.142461702
440,strong evidence,1,23715592.1291618
443,three-point function,1,23715518.210020464
442,hubble parameter,1,23715384.241591983
451,integrable system,1,23476362.17777595
447,dual description,1,23476044.171893023
449,first principle,1,23476028.15643795
458,heterotic string,1,23236944.167899
459,finite number,1,23236704.12984343
461,one-loop order,1,23236666.153344896
463,general formula,1,23236654.140523873
464,anti-de sitter,1,23236522.188259073
465,explicit calculation,1,22997218.14283533
328,nonlinear sigma model,1,22757904.120058425
470,large n,1,22757794.17809048
468,concrete example,1,22757688.142330665
469,large scale,1,22757638.233935844
476,new solution,1,22518372.138621233
334,anti-de sitter space,1,22518270.180988744
478,cosmological evolution,1,22518082.1934066
480,noncommutative space,1,22279120.149623636
484,recent study,1,22039444.123202704
483,early stage,1,22039184.192302614
489,flat spacetime,1,21799910.137379304
351,holographic entanglement entropy,1,21799880.280556824
490,general framework,1,21799844.132535048
497,boundary state,1,21560668.141291473
494,noncommutative geometry,1,21560572.326620523
498,auxiliary field,1,21560524.158855118
496,first part,1,21560272.48872247
509,simple example,1,21321130.104625784
504,calabi-yau manifold,1,21321118.186410375
507,classical limit,1,21321042.139479008
510,chiral fermion,1,21320996.143558916
502,analytic result,1,21320870.161444813
508,symmetric solution,1,21320822.182207588
511,observational constraint,1,21320702.23195981
519,kinetic energy,1,21081466.13389639
521,thermodynamic property,1,21081306.207549676
528,analytical solution,1,20842066.139639914
523,physical property,1,20841986.126472622
525,modified gravity,1,20841844.281012706
532,magnetic charge,1,20602532.25236918
536,gauge group,1,20602518.14733308
385,black hole background,1,20602454.174317688
537,wide class,1,20602426.13289262
386,dual field theory,1,20602404.199999064
545,quantum mechanic,1,20363196.13158278
549,boundary term,1,20363062.18918956
542,general property,1,20363032.119966816
540,key role,1,20362902.156378552
556,integral representation,1,20123690.142128024
408,non-linear sigma model,1,20123624.146991782
552,flat direction,1,20123568.1596483
558,lowest order,1,20123564.13391948
407,black hole thermodynamics,1,20123416.23273894
573,matrix model,1,19884264.13902223
568,finite volume,1,19884134.185351435
567,numerical method,1,19884114.131346386
571,such system,1,19884106.149618544
570,derivative expansion,1,19884008.172515262
564,scalar curvature,1,19883962.199590392
583,possible application,1,19644720.1164956
582,different way,1,19644658.118884306
587,second law,1,19644640.22449204
588,infrared divergence,1,19644626.148277633
581,gravitational collapse,1,19644426.213298712
592,certain class,1,19405136.129294015
427,non-abelian gauge theory,1,19405106.170040287
597,four-point function,1,19405064.192709904
591,perfect fluid,1,19404988.207447648
593,gravitational interaction,1,19404894.19066599
432,generalized uncertainty principle,1,19165778.20985954
602,quantum effect,1,19165598.140458938
616,necessary condition,1,18926198.133179363
615,kinetic theory,1,18926134.21407313
611,derivative term,1,18926012.190124977
608,small scale,1,18925988.26422241
606,accelerated expansion,1,18925970.239979707
621,general expression,1,18686728.11293843
622,quantum field,1,18686692.137507718
619,boundary theory,1,18686598.17539038
625,naked singularity,1,18686570.20908744
626,early time,1,18686520.182872023
628,compact object,1,18686414.210480515
633,riemann surface,1,18447278.152996145
635,explicit formula,1,18447274.12423389
631,dynamical system,1,18447234.14538687
634,closed form,1,18447124.136866037
644,klein-gordon equation,1,18207774.13035356
648,general method,1,18207710.12946203
643,general theory,1,18207674.12712058
466,cosmological constant problem,1,18207628.174446438
658,explicit solution,1,17968280.11809647
655,integral equation,1,17968222.18222492
654,new way,1,17968216.115833994
664,total energy,1,17728654.130370986
671,exact expression,1,17728622.138723712
667,classical level,1,17728588.184914898
665,holographic description,1,17728582.178933546
678,complex structure,1,17489354.162675355
677,internal space,1,17489200.146420684
676,complex plane,1,17489188.153042667
673,chiral anomaly,1,17489178.15024397
682,dual theory,1,17489166.152620427
681,black string,1,17489084.19622774
683,bekenstein-hawking entropy,1,17489040.215790346
687,recent paper,1,17249782.09723101
690,flux compactifications,1,17249662.21367555
688,full set,1,17249640.139638487
693,flow equation,1,17249618.255372155
691,conformal anomaly,1,17249546.163055643
705,one-loop amplitude,1,17010374.09273035
697,topological string,1,17010282.246904116
698,sufficient condition,1,17010270.11613524
706,closed string,1,17010216.212554697
702,holographic dual,1,17010148.159231775
709,similar result,1,17010118.14705982
701,slow-roll inflation,1,17009968.252071418
714,physical state,1,16770830.099249952
727,integrable model,1,16531248.144433396
522,null energy condition,1,16531162.138195885
734,black ring,1,16531148.229749002
735,friedmann equation,1,16531106.183233388
729,magnetic monopoles,1,16531082.25774106
741,sine-gordon model,1,16291710.19653865
750,higher derivative,1,16291646.186027976
753,logarithmic correction,1,16291488.179257147
740,cosmological parameter,1,16291388.264300467
756,bosonic string,1,16052286.134398278
760,hypergeometric function,1,16052260.129322644
768,open problem,1,16052160.11720397
770,bose-einstein condensate,1,16052072.16067572
758,gravitational potential,1,16051870.207888385
785,feynman integral,1,15812846.134947257
778,conformal transformation,1,15812642.117450342
786,canonical quantization,1,15812632.191437922
779,asymptotic expansion,1,15812554.134608163
776,quantum level,1,15812522.19159963
783,scalar-tensor theory,1,15812426.223964535
799,hamiltonian formulation,1,15573124.156582555
794,one-to-one correspondence,1,15573078.133763013
797,same way,1,15573042.116074592
795,perfect agreement,1,15573040.138445672
789,inflationary scenario,1,15572916.218226481
792,cosmological implication,1,15572886.161898429
807,same result,1,15333616.136331156
805,dimensional theory,1,15333518.136093562
802,broad class,1,15333512.122680966
800,earlier result,1,15333450.143065473
806,hybrid inflation,1,15333428.28090485
814,supersymmetric solution,1,15094094.159892695
826,total number,1,15094068.122570861
822,free theory,1,15094010.133862725
824,such solution,1,15094002.131417304
823,fermionic field,1,15094000.173038045
818,stress-energy tensor,1,15093962.150652029
815,einstein-hilbert action,1,15093946.145035727
817,black branes,1,15093926.2388366
813,gravitational effect,1,15093880.179679511
812,cosmological scenario,1,15093822.210854866
820,acoustic oscillation,1,15093770.46548597
835,superconformal algebra,1,14854576.256043822
829,free field,1,14854544.149931157
830,new set,1,14854542.116052674
832,physical system,1,14854536.127561053
827,third order,1,14854498.137225823
839,interesting feature,1,14854368.14910739
838,general feature,1,14854342.1561221
639,supersymmetric quantum mechanic,1,14615172.100412691
840,holographic superconductors,1,14614950.342172556
638,scalar field model,1,14614946.133150345
845,conserved charge,1,14614940.135517966
851,other word,1,14614930.135792214
846,euclidean space,1,14614922.151824845
844,infinite set,1,14614876.159131238
850,local symmetry,1,14614874.160905965
637,large scale structure,1,14614706.276987668
863,higher spin,1,14375488.260762777
649,abelian gauge theory,1,14375472.153240245
866,conformal dimension,1,14375386.163547205
862,dual cft,1,14375328.195254523
882,special relativity,1,14136068.115728686
884,minimal length,1,14136024.176175058
878,numerical evaluation,1,14136000.12351368
890,conformal block,1,14135994.173003433
880,superconformal symmetry,1,14135976.153745526
661,two-point correlation function,1,14135916.120975593
886,long time,1,14135874.135398496
877,general formalism,1,14135866.134747783
881,unified description,1,14135850.136879796
883,certain condition,1,14135848.127789408
887,curved spacetime,1,14135836.137269542
889,scalar theory,1,14135830.144781811
879,possible way,1,14135788.146967428
896,calabi-yau threefolds,1,13896490.19102686
892,modulus stabilization,1,13896468.168163445
898,gauged supergravity,1,13896438.16883791
894,non-relativistic limit,1,13896428.121981986
897,gauge invariant,1,13896400.12593076
891,other method,1,13896378.105966548
900,fundamental theory,1,13896312.141932352
893,possible solution,1,13896304.13409557
910,explicit construction,1,13656920.114279369
694,heterotic string theory,1,13656880.136352738
911,simple form,1,13656880.107900698
912,static solution,1,13656826.13561928
904,n >,1,13656822.132159978
906,inflationary cosmology,1,13656788.184705215
909,gauss-bonnet term,1,13656732.186940676
711,double field theory,1,13417486.169305097
929,gauge transformation,1,13417406.136816047
712,topological field theory,1,13417378.122968731
937,loop order,1,13417320.136773797
931,derivative correction,1,13417318.155316582
923,general result,1,13417290.121718213
918,chaotic inflation,1,13417266.271407178
935,gauss-bonnet gravity,1,13417180.183357392
944,conserved quantity,1,13177812.122316983
938,initial data,1,13177770.15131192
941,relativistic particle,1,13177768.139025128
940,near-horizon geometry,1,13177708.172044074
954,variational principle,1,13177706.161992857
942,rotational symmetry,1,13177688.160484377
943,canonical ensemble,1,13177668.20483813
950,physical degree,1,13177662.197576903
967,quantum theory,1,12938388.089194749
971,statistical mechanic,1,12938244.140134595
980,systematic way,1,12938212.117434174
966,classical equation,1,12938208.131759038
962,various type,1,12938204.117229803
965,more detail,1,12938174.129302787
960,false vacuum,1,12938170.247213617
963,two-loop order,1,12938170.14554697
958,asymptotic behaviour,1,12938152.139440052
973,functional form,1,12938126.147889689
976,gravitational perturbation,1,12938116.194638753
975,gravitational coupling,1,12938046.163109781
961,cosmic acceleration,1,12937964.278159231
987,same form,1,12698702.13071673
989,basic property,1,12698692.106304679
983,covariant derivative,1,12698660.15809434
994,arbitrary value,1,12698656.123797039
985,new perspective,1,12698646.126907386
999,recent proposal,1,12459214.095119989
997,one-parameter family,1,12459182.109934691
4,experimental data,2,305351442.45943683
5,final state,2,303215906.7021085
6,large hadron collider,2,226288358.58810195
7,effective field theory,2,200123630.42871943
13,upper limit,2,187271394.52782074
17,good agreement,2,158448498.29124135
21,first time,2,150582674.23848277
24,integrated luminosity,2,133651702.47467671
26,recent result,2,121008030.15513971
25,proton-proton collision,2,121005984.72202234
27,numerical result,2,120529398.26012559
28,high energy,2,119813656.26462114
23,heavy ion collision,2,112653330.46840878
34,next-to-leading order,2,111698110.39946382
36,top quark,2,109787596.58788502
48,experimental result,2,92594998.1939601
49,theoretical prediction,2,91400054.2595415
33,differential cross section,2,89011538.29730855
55,quark-gluon plasma,2,87100020.37197617
58,wide range,2,85427210.20689365
61,important role,2,84232754.17804456
64,heavy quark,2,81365270.32615842
42,chiral perturbation theory,2,80887684.42801912
69,inelastic scattering,2,76825126.26491626
47,standard model prediction,2,74434044.33768371
72,perturbative qcd,2,73956450.27343711
74,pp collision,2,72761088.43688494
75,new result,2,72522512.14281361
56,total cross section,2,68936160.3202207
90,invariant mass,2,64154244.24263022
91,centre-of-mass energy,2,62958460.47927632
95,angular distribution,2,61285170.173469864
98,center-of-mass energy,2,58653840.40619656
103,systematic uncertainty,2,57219340.20864854
104,imaginary part,2,56501546.3171926
108,present result,2,55784466.16487533
109,theoretical uncertainty,2,55783852.260874696
112,matrix element,2,55545132.17203902
117,strong interaction,2,54827378.19921118
124,preliminary result,2,53393086.11255919
136,lhc energy,2,50282422.32131283
140,cross section,2,49325422.20393956
144,recent progress,2,48847396.1233138
142,recent development,2,48847182.14843247
149,\cal o,2,47889712.17845282
152,excited state,2,47650852.18737776
155,current status,2,47172584.148305416
101,standard model higgs,2,45975444.3003093
167,precise measurement,2,45736746.17733441
173,decay width,2,44540346.21961593
172,transverse momentum,2,44540130.26771535
177,first measurement,2,44062062.18029855
180,elastic scattering,2,43822780.18715664
115,qcd sum rule,2,43583816.21589489
183,global fit,2,43104288.225697845
186,experimental value,2,42865380.1838523
195,recent measurement,2,42147400.17123812
199,next-to-next-to-leading order,2,40950758.371211626
200,quantum number,2,40711812.15018787
202,experimental measurement,2,40232792.18392384
207,special attention,2,39993672.14369201
208,initial state,2,39754394.166856244
211,forward-backward asymmetry,2,39514808.37824252
213,semileptonic decay,2,39275752.22118531
225,radiative decay,2,38079434.15628622
150,electromagnetic form factor,2,37839978.211486585
229,form factor,2,37600368.22325823
233,standard deviation,2,36882488.22026153
238,available data,2,36403646.17319708
244,pseudoscalar meson,2,35685714.21280938
245,detailed study,2,35685368.17872392
170,standard model expectation,2,35685316.319585614
176,nuclear modification factor,2,34967460.478214584
250,light quark,2,34728048.18609208
189,invariant mass distribution,2,33770606.22037123
257,atlas experiment,2,33770482.361455135
264,systematic error,2,33052762.17297278
268,lhcb experiment,2,32813482.21870765
271,scalar meson,2,32574320.17537326
273,first result,2,32574176.11928408
204,high energy physic,2,31856008.122774657
282,previous analysis,2,31855776.14625187
289,different value,2,31137606.147684313
292,nuclear collision,2,30898270.231390845
296,theoretical model,2,30658744.16001174
221,final state interaction,2,30419652.173609708
313,elliptic flow,2,29461804.38525549
319,phenomenological model,2,28982980.149767444
317,qcd correction,2,28982934.26121519
322,decay channel,2,28743426.17900759
242,invariant mass spectrum,2,28504382.136379916
331,global analysis,2,28504066.26411746
341,systematic study,2,28025368.147107944
338,leptonic decay,2,28025220.191344384
343,gluon fusion,2,28025188.260384917
346,good description,2,27786034.152656753
356,au+au collision,2,27307168.35227499
352,different approach,2,27307130.15067854
252,proton-proton collision data,2,27306830.39334317
362,recent data,2,27067594.15313184
256,top quark mass,2,26828140.24405493
368,first observation,2,26589248.1524336
258,strong coupling constant,2,26588814.22734785
367,theoretical calculation,2,26588746.16877964
369,higgs production,2,26588666.25517621
372,\cal b,2,26349596.18625146
371,real part,2,26349302.265701
375,different model,2,26349278.152572963
373,cern lhc,2,26349106.227631688
263,top quark pair,2,26349064.3191182
378,deep-inelastic scattering,2,26110182.215302948
381,nucleus-nucleus collision,2,26109884.272288747
397,potential model,2,25870794.151962157
392,pb-pb collision,2,25870520.376114525
390,non-perturbative effect,2,25870502.163793065
389,differential distribution,2,25870334.289137594
399,hadronic decay,2,25631308.13337209
280,s * *,2,25391860.268477723
281,heavy ion collider,2,25391510.31578238
409,new measurement,2,25152406.1355418
410,bethe-salpeter equation,2,25152362.16736303
416,intermediate state,2,24912946.150096633
418,charged particle,2,24912848.15967907
425,neural network,2,24673612.23079348
290,relativistic heavy-ion collision,2,24673380.218359757
420,excellent agreement,2,24673290.130832486
429,drell-yan process,2,24433976.235685054
298,next-to-leading order qcd,2,24194438.301732246
430,final result,2,24194394.161359098
304,chiral quark model,2,23715794.150671966
448,powerful tool,2,23476080.134793613
450,hadronic collision,2,23476058.218243252
452,theoretical framework,2,23475954.1456964
462,nuclear physic,2,23236740.172204338
460,decay mode,2,23236580.14971195
467,special emphasis,2,22757930.10113655
477,statistical significance,2,22518340.150797475
474,physical observables,2,22518200.173838235
475,significant excess,2,22517890.414238207
487,internal structure,2,22039328.170915876
482,kinematic region,2,22039292.165620204
486,phenomenological analysis,2,22039246.17584855
488,first uncertainty,2,21800114.395264596
350,generalized parton distribution,2,21800088.368833967
492,cm experiment,2,21799600.392709207
495,dominant contribution,2,21560394.127515566
513,strong decay,2,21321116.197971795
506,high precision,2,21320956.138467915
512,significant deviation,2,21320674.192626003
503,bottom quark,2,21320656.20096268
518,previous calculation,2,21081476.130975436
517,higher energy,2,21081440.152093403
526,lattice calculation,2,20841992.155442987
377,standard model background,2,20841710.28123573
535,lhcb collaboration,2,20602572.182677742
538,nuclear effect,2,20602562.296925534
529,perturbative calculation,2,20602508.1352293
530,experimental study,2,20602448.14988907
541,previous measurement,2,20363196.130220078
548,lagrangian approach,2,20363170.13820247
550,new data,2,20363036.146908477
544,strange quark,2,20363026.157012556
546,rhic energy,2,20363016.254223697
554,present status,2,20123792.108787075
555,direct measurement,2,20123550.14899687
572,signal event,2,19884038.160637125
590,light meson,2,19644608.162877828
584,decay constant,2,19644604.1664563
589,precise determination,2,19644522.1489247
586,tau lepton,2,19644424.188625485
594,virtual photon,2,19405164.1563865
603,latest result,2,19165700.122406367
601,heavy baryon,2,19165684.26044799
433,new physic effect,2,19165432.184303135
612,e+e- collider,2,18926382.122512948
607,lattice qcd,2,18926098.175073534
614,electroweak correction,2,18925988.226676326
613,quark mass,2,18925908.233036082
627,weak decay,2,18686684.227511402
623,particular emphasis,2,18686650.123385362
444,higher order correction,2,18686582.14125001
620,heavy meson,2,18686564.189009108
624,associated production,2,18686490.198196683
455,direct cp violation,2,18447198.1971749
632,kinematic range,2,18447088.200818576
630,electroweak interaction,2,18447014.143519685
647,chiral lagrangian,2,18207674.17407551
642,pb+pb collision,2,18207616.281523146
640,lhc experiment,2,18207532.159089237
641,pair production,2,18207400.170658544
660,molecular state,2,17968360.205704622
472,high transverse momentum,2,17968046.200634927
668,experimental observation,2,17728624.1371922
479,large transverse momentum,2,17728492.19417842
670,measured value,2,17728482.171993397
679,theoretical result,2,17489136.134651937
675,numerical value,2,17489118.13767562
481,inclusive cross section,2,17489090.162013214
680,central value,2,17489040.154102262
684,new insight,2,17249566.176123213
689,lower energy,2,17249518.175728258
685,future measurement,2,17249458.16439205
501,virtual compton scattering,2,17010206.339014266
720,cern sps,2,16770786.149995377
718,first error,2,16770768.315486673
719,partial wave,2,16770680.148763172
721,reasonable agreement,2,16770632.138869371
715,other approach,2,16770614.149912799
723,few year,2,16770596.127980977
722,future prospect,2,16770594.141061272
733,such state,2,16531190.121209593
736,qcd calculation,2,16531162.134964483
745,* +,2,16291710.136560185
755,main feature,2,16291618.120769663
742,\rm t,2,16291558.270284932
747,sensitive probe,2,16291526.132727297
746,theoretical approach,2,16291508.160854284
752,new phenomenon,2,16291374.17082537
763,exclusive process,2,16052176.1488077
769,combined analysis,2,16052170.118387172
764,phenomenological application,2,16052132.122215424
757,exotic state,2,16052126.145639302
761,heavy quarkonia,2,16052108.149871634
759,logarithmic accuracy,2,16052084.22725429
765,central collision,2,16051982.335691703
551,higgs boson production,2,16051934.199416205
775,e+ e-,2,15812690.116048945
781,azimuthal correlation,2,15812574.232039122
774,model-independent way,2,15812574.120574756
777,d^ *,2,15812550.210838493
793,significant signal,2,15573216.154303882
790,experimental uncertainty,2,15573062.129079776
787,inverse femtobarns,2,15572736.365801206
599,single spin asymmetry,2,15333692.212047027
804,angular correlation,2,15333536.167114535
808,kinematic distribution,2,15333350.188027268
801,phenomenological study,2,15333312.168496847
816,hadronic interaction,2,15094072.155666724
809,better understanding,2,15093962.132898167
810,such effect,2,15093876.153786011
837,qcd factorization,2,14854496.160664575
828,hard process,2,14854472.170741117
834,inclusive production,2,14854440.17012897
831,low-energy constant,2,14854364.278822022
855,nuclear target,2,14615026.178853558
852,kinematic variable,2,14614928.135343442
856,w boson,2,14614874.151073372
841,nuclear medium,2,14614864.250786101
873,bound state,2,14375500.119320815
650,top quark production,2,14375372.294209683
865,cp asymmetry,2,14375364.248521173
872,large logarithm,2,14375354.182563674
875,nlo correction,2,14375346.19410257
871,present study,2,14375334.143349834
864,quark-antiquark pair,2,14375310.166921072
662,perturbative qcd approach,2,14135922.25002695
888,anomalous coupling,2,14135892.149682498
895,gluon distribution,2,13896340.20228197
899,physical point,2,13896292.239529606
672,top quark decay,2,13896254.220500788
696,partial wave analysis,2,13657126.069907127
907,azimuthal asymmetry,2,13656918.134938253
901,azimuthal angle,2,13656838.150473608
902,proton-antiproton collision,2,13656802.195589548
913,perturbative series,2,13656788.159249015
695,heavy quark mass,2,13656764.182443574
914,present measurement,2,13417400.132483577
921,cp-violating asymmetry,2,13417356.212915901
922,partial width,2,13417350.155698175
932,exclusive production,2,13417342.168000566
577,heavy quark effective theory,2,13417316.166136276
915,main goal,2,13417298.122463893
928,various model,2,13417292.117533876
925,obtained result,2,13417260.146734765
917,theoretical study,2,13417178.14820075
578,standard model effective field,2,13417118.228988482
927,signal strength,2,13417104.178717619
949,valuable information,2,13177738.127536785
947,physical value,2,13177638.242668295
957,short review,2,12938350.08083893
739,light-cone sum rule,2,12938264.136696948
979,statistical error,2,12938238.115186378
977,heavy quarkonium,2,12938218.173071457
955,opposite sign,2,12938208.135473141
970,top production,2,12938154.209150191
995,brief overview,2,12698806.088802872
981,kinematical region,2,12698702.142417403
992,charmed meson,2,12698700.13455343
982,nonperturbative effect,2,12698666.133327276
771,heavy quark symmetry,2,12698630.227013145
996,two-loop correction,2,12698628.14585727
998,single-spin asymmetry,2,12459198.183781074
10,magnetic field,3,219395114.45633623
31,finite temperature,3,115994966.37904759
41,chiral symmetry,3,102625378.52142167
51,critical point,3,90922572.3428985
59,chemical potential,3,85188380.49221374
73,effective potential,3,73717006.24168952
85,large number,3,66545486.15604552
119,critical temperature,3,54588128.33415586
133,previous study,3,50999930.16263054
139,spectral function,3,49325538.25843582
146,nuclear matter,3,48368398.366480224
162,present work,3,46215128.16247953
163,high temperature,3,46215072.21670578
107,chiral symmetry breaking,3,44300808.32254933
174,spontaneous breaking,3,44300666.235417835
198,low temperature,3,41189982.28174232
209,holographic model,3,39514976.20513068
241,chiral condensate,3,36164226.31522819
243,shear viscosity,3,35685742.252873346
184,chiral phase transition,3,34009838.455192186
237,linear sigma model,3,28983102.1935258
342,chiral limit,3,28025188.27866366
355,effective mass,3,27306930.175203525
361,quark matter,3,27067820.28200853
363,neutron star,3,26828104.31801973
413,effective model,3,25152120.20093449
422,lattice simulation,3,24673250.174942225
438,thermal equilibrium,3,23954928.162421577
454,short distance,3,23476080.167039268
333,first order phase,3,22518036.240538158
336,first-order phase transition,3,22278638.226756413
485,high density,3,22039230.26180411
527,compact star,3,20841912.31558074
533,scale invariance,3,20602406.20391454
531,magnetic effect,3,20602370.28772539
553,chiral model,3,20123616.183993068
559,hadronic matter,3,20123506.22720003
557,schwinger-dyson equation,3,20123484.189968742
574,finite density,3,19884036.192632634
415,functional renormalization group,3,19884000.26359897
596,critical behavior,3,19405000.223278053
604,different method,3,19165630.13100262
610,nambu-jona-lasinio model,3,18926106.27420873
445,qcd phase diagram,3,18686428.359060213
653,dyson-schwinger equation,3,17968222.161809735
663,phase transition,3,17728482.18793543
692,key ingredient,3,17249612.123145506
700,holographic qcd,3,17010112.212918438
708,jona-lasinio model,3,17010070.288196407
515,chiral symmetry restoration,3,16770504.245869286
732,landau gauge,3,16531222.157376759
737,possible existence,3,16531156.121832015
744,broken phase,3,16291470.209113896
749,thermodynamic quantity,3,16291450.201471554
762,asymptotic freedom,3,16052006.168256307
766,njl model,3,16051982.240338268
780,particular interest,3,15812536.134814605
782,qcd matter,3,15812370.238045607
821,spectral density,3,15094040.149185345
811,dense matter,3,15093890.18661526
833,possible implication,3,14854434.13077602
836,effective description,3,14854404.145725762
854,small number,3,14614822.154982273
842,baryonic matter,3,14614738.212667074
867,axial anomaly,3,14375408.157170666
560,finite temperature and density,3,13656654.24099022
933,deconfinement transition,3,13417222.212499456
724,second order phase,3,13177568.223042333
956,fermi surface,3,12938260.187718993
974,kinetic equation,3,12938220.159428362
978,qualitative agreement,3,12938118.148028573
990,universality class,3,12698576.172389043
