ngram,count,unithood
black hole,9399,0.11257284631611064
scalar field,6443,0.07716851248161515
conformal field theory,3352,0.05066021300911272
conformal field,3604,0.04316550038549449
quantum field theory,2550,0.03853924319010663
effective action,3199,0.03831477129112011
boundary condition,3183,0.03812313754912013
quantum field,2924,0.03502106635049553
cosmological constant,2721,0.03258971324887084
general relativity,1905,0.02281639240687209
modulus space,1894,0.022684644209247103
low energy,1843,0.022073811656622182
central charge,1803,0.021594727301622246
gauge theory,1743,0.020876100769122337
magnetic field,1614,0.019331053724247534
finite temperature,1570,0.018804060933747598
anti-de sitter,1467,0.017570418719622758
gauge field,1429,0.017115288582372816
angular momentum,1400,0.01676795242499786
first order,1382,0.016552364465247885
open string,1271,0.015222905380123058
heterotic string,1264,0.01513906561799807
exact solution,1253,0.015007317420373084
quantum gravity,1234,0.014779752351748113
second order,1220,0.014612072827498135
n =,1179,0.014121011363623199
dimensional reduction,1149,0.013761698097373244
supersymmetric gauge theory,909,0.013738106690120364
special case,1143,0.013689835444123255
strong coupling,1125,0.013474247484373281
effective field theory,884,0.013360270972570299
super yang-mills,1072,0.012839460713998363
critical point,1070,0.012815506496248364
black hole solution,839,0.012680166680980183
effective theory,1056,0.012647826971998385
free energy,1055,0.012635849863123388
fixed point,1050,0.012575964318748396
standard model,1029,0.012324445032373427
differential equation,1016,0.012168742616998447
effective potential,984,0.011785475132998496
effective field,978,0.011713612479748505
supersymmetric gauge,973,0.011653726935373513
scalar field theory,762,0.011516432670925981
supersymmetric yang-mills,957,0.011462093193373537
other hand,931,0.011150688362623578
supersymmetric yang-mills theory,735,0.011108370095971912
extra dimension,926,0.011090802818248584
electromagnetic field,886,0.010611718463248645
higher spin,884,0.010587764245498649
higher order,854,0.010228450979248694
superconformal field theory,674,0.010186450945149753
closed string,843,0.010096702781623711
anomalous dimension,842,0.010084725672748714
previous work,826,0.009893091930748738
massive gravity,821,0.009833206386373744
\cal n,816,0.009773320841998754
flat space,808,0.009677503970998765
super yang-mills theory,637,0.009627254083175657
gravitational field,801,0.009593664208873776
large class,794,0.009509824446748786
ads/cft correspondence,766,0.009174465398248828
higher dimension,751,0.008994808765123853
dark energy,742,0.008887014785248866
global symmetry,736,0.008815152131998875
free field,722,0.008647472607748896
superconformal field,709,0.008491770192373916
critical exponent,702,0.008407930430248926
bosonic string,692,0.008288159341498942
entanglement entropy,680,0.008144434034998961
high energy,675,0.008084548490623969
supersymmetric theory,673,0.00806059427287397
explicit expression,665,0.007964777401873983
classical solution,662,0.007928846075248987
space-time dimension,661,0.00791686896637399
hilbert space,651,0.007797097877624004
abelian gauge,649,0.007773143659874008
black hole entropy,504,0.007617168065809311
gravitational wave,631,0.007557555700124036
electric field,621,0.007437784611374051
non-abelian gauge,620,0.0074258075024990515
new class,614,0.007353944849249061
conformal symmetry,614,0.007353944849249061
recent work,614,0.007353944849249061
scalar potential,609,0.00729405930487407
initial condition,607,0.0072701050871240725
cosmological model,603,0.007222196651624078
kinetic term,601,0.00719824243387408
two-point function,595,0.00712637978062409
spacetime dimension,592,0.007090448453999095
explicit example,586,0.007018585800749105
chiral symmetry,584,0.006994631582999108
n limit,583,0.0069826544741241085
minimal model,582,0.006970677365249111
electric charge,580,0.006946723147499113
high temperature,577,0.006910791820874118
infinite number,571,0.006838929167624128
critical value,570,0.006826952058749129
conformal invariance,566,0.006779043623249135
energy-momentum tensor,566,0.006779043623249135
late time,557,0.006671249643374148
anti-de sitter space,437,0.006604568342775136
arbitrary dimension,541,0.0064796159013741726
n=4 sym,535,0.006407753248124182
nonlinear sigma model,421,0.006362753483543095
einstein gravity,524,0.006276005050499199
dark matter,518,0.006204142397249208
recent result,517,0.00619216528837421
arbitrary number,514,0.006156233961749214
cosmic string,512,0.006132279743999217
green function,512,0.006132279743999217
minkowski space,512,0.006132279743999217
spatial dimension,509,0.006096348417374222
weak coupling,509,0.006096348417374222
hole solution,506,0.006060417090749227
tree level,505,0.006048439981874228
black hole horizon,397,0.006000031194695033
heterotic string theory,395,0.005969804337291027
previous result,492,0.005892737566499248
auxiliary field,488,0.005844829130999253
complex structure,485,0.0058088978043742585
upper bound,485,0.0058088978043742585
boundary state,484,0.005796920695499259
integrable system,483,0.005784943586624262
particular case,482,0.005772966477749263
early universe,477,0.005713080933374271
irreducible representation,477,0.005713080933374271
calabi-yau manifold,474,0.005677149606749275
critical temperature,470,0.005629241171249281
topological field theory,369,0.005576855191038959
large number,465,0.005569355626874289
antisymmetric tensor,465,0.005569355626874289
first law,463,0.005545401409124292
quantum fluctuation,458,0.0054855158647493
topological string,452,0.0054136532114993086
low temperature,452,0.0054136532114993086
gauge symmetry,449,0.005377721884874314
numerical result,440,0.005269927904999328
quantum correction,439,0.005257950796124329
harmonic oscillator,438,0.0052459736872493305
such theory,437,0.005233996578374332
important role,435,0.005210042360624335
dirac equation,433,0.005186088142874338
explicit form,432,0.00517411103399934
general solution,432,0.00517411103399934
nonlinear sigma,431,0.005162133925124341
yang-mills theory,430,0.005150156816249343
matrix model,426,0.005102248380749349
magnetic flux,423,0.005066317054124353
noncommutative geometry,419,0.0050184086186243594
einstein equation,416,0.004982477291999364
spontaneous symmetry,411,0.004922591747624372
chemical potential,411,0.004922591747624372
cosmological solution,411,0.004922591747624372
magnetic charge,410,0.0049106146387493735
new type,409,0.004898637529874375
previous paper,407,0.004874683312124378
non-linear sigma model,321,0.004851410613342835
general form,400,0.004790843549999388
topological charge,400,0.004790843549999388
feynman diagram,398,0.004766889332249392
topological field,397,0.004754912223374393
fundamental representation,397,0.004754912223374393
integrable model,393,0.004707003787874399
analytic continuation,391,0.0046830495701244024
gauge group,390,0.004671072461249404
new solution,388,0.004647118243499407
large n,388,0.004647118243499407
black hole background,306,0.0046247091828127964
perturbative expansion,382,0.004575255590249416
supersymmetric extension,381,0.004563278481374417
such model,381,0.004563278481374417
internal space,376,0.004503392936999425
present paper,375,0.004491415828124427
physical state,374,0.004479438719249428
exact result,372,0.004455484501499431
non-abelian gauge theory,293,0.0044282346096867625
general class,369,0.004419553174874436
lower bound,369,0.004419553174874436
finite number,368,0.0044075760659994375
supersymmetric quantum,366,0.004383621848249441
gravitational theory,364,0.004359667630499444
general case,364,0.004359667630499444
cosmological perturbation,363,0.0043476905216244454
new result,363,0.0043476905216244454
external field,359,0.004299782086124451
physical interpretation,358,0.0042878049772494525
quasinormal mode,357,0.004275827868374454
black string,356,0.004263850759499456
first time,354,0.004239896541749459
gauge invariance,353,0.00422791943287446
short distance,353,0.00422791943287446
spontaneous breaking,352,0.004215942323999462
conformal anomaly,350,0.004191988106249465
spontaneous symmetry breaking,276,0.004171306321752718
riemann surface,347,0.00415605677962447
near horizon,346,0.004144079670749471
holographic model,345,0.004132102561874473
superconformal algebra,345,0.004132102561874473
dual description,345,0.004132102561874473
dual field,345,0.004132102561874473
dynamical system,344,0.004120125452999474
lorentz invariance,342,0.004096171235249477
explicit formula,342,0.004096171235249477
sine-gordon model,341,0.004084194126374479
dual field theory,269,0.0040655123208387
light-cone gauge,337,0.004036285690874485
closed form,337,0.004036285690874485
wide class,337,0.004036285690874485
local operator,337,0.004036285690874485
flat spacetime,336,0.004024308581999486
large distance,336,0.004024308581999486
free fermion,335,0.0040123314731244876
integral representation,334,0.004000354364249489
noncommutative space,334,0.004000354364249489
current algebra,333,0.003988377255374491
gauge transformation,333,0.003988377255374491
non-linear sigma,333,0.003988377255374491
black hole thermodynamics,262,0.0039597183199246815
stress-energy tensor,330,0.0039524459287494955
light cone,328,0.003928491710999499
cosmic microwave background,256,0.0038690377477126657
cosmological constant problem,256,0.0038690377477126657
recent development,323,0.0038686061666245064
complete set,321,0.0038446519488745095
lowest order,321,0.0038446519488745095
explicit construction,321,0.0038446519488745095
simple model,319,0.0038206977311245126
holographic entanglement entropy,252,0.0038085840329046554
supersymmetric quantum mechanic,252,0.0038085840329046554
classical level,317,0.0037967435133745156
three-point function,316,0.0037847664044995174
asymptotic symmetry,315,0.0037727892956245187
derivative expansion,315,0.0037727892956245187
several example,315,0.0037727892956245187
free parameter,315,0.0037727892956245187
canonical quantization,313,0.0037488350778745213
scalar curvature,312,0.0037368579689995227
fundamental string,312,0.0037368579689995227
symmetric solution,311,0.0037248808601245244
condensed matter,311,0.0037248808601245244
big bang,311,0.0037248808601245244
scale factor,311,0.0037248808601245244
discrete symmetry,310,0.0037129037512495257
black brane,310,0.0037129037512495257
classical field,309,0.0037009266423745275
inflationary model,309,0.0037009266423745275
dual theory,308,0.0036889495334995292
radiative correction,308,0.0036889495334995292
n =2,308,0.0036889495334995292
asymptotic behavior,307,0.0036769724246245306
dimensional regularization,306,0.0036649953157495323
boundary term,306,0.0036649953157495323
naked singularity,305,0.0036530182068745336
higgs field,305,0.0036530182068745336
s *,304,0.0036410410979995354
latter case,300,0.0035931326624995415
classical limit,300,0.0035931326624995415
first step,299,0.003581155553624543
chiral fermion,299,0.003581155553624543
scalar perturbation,299,0.003581155553624543
new method,298,0.0035691784447495446
four-point function,297,0.0035572013358745463
supersymmetric field theory,235,0.003551655744970611
linear combination,296,0.0035452242269995477
symmetric space,296,0.0035452242269995477
new approach,295,0.0035332471181245494
conformal transformation,295,0.0035332471181245494
explicit solution,293,0.0035092929003745525
supersymmetric solution,291,0.0034853386826245556
finite size,291,0.0034853386826245556
numerical simulation,291,0.0034853386826245556
such solution,290,0.0034733615737495564
imaginary part,290,0.0034733615737495564
curved space,290,0.0034733615737495564
excited state,289,0.0034613844648745578
noncommutative gauge theory,228,0.003445861744056593
abelian gauge theory,228,0.003445861744056593
antisymmetric tensor field,226,0.003415634886652588
boundary theory,285,0.0034134760293745643
different type,282,0.0033775447027495687
topological defect,282,0.0033775447027495687
holographic entanglement,281,0.0033655675938745705
effective lagrangian,281,0.0033655675938745705
quantum mechanic,280,0.003353590484999572
conformal block,279,0.0033416133761245735
conformal dimension,279,0.0033416133761245735
derivative term,279,0.0033416133761245735
general formula,279,0.0033416133761245735
explicit calculation,278,0.003329636267249575
initial state,278,0.003329636267249575
gauged supergravity,277,0.0033176591583745766
crucial role,277,0.0033176591583745766
bekenstein-hawking entropy,277,0.0033176591583745766
fermionic field,277,0.0033176591583745766
cosmic microwave,277,0.0033176591583745766
static solution,276,0.0033056820494995784
superconformal symmetry,276,0.0033056820494995784
eleven-dimensional supergravity,275,0.0032937049406245797
main result,273,0.0032697507228745828
simple example,272,0.0032577736139995845
constant curvature,272,0.0032577736139995845
asymptotic expansion,272,0.0032577736139995845
primary field,271,0.003245796505124586
sufficient condition,271,0.003245796505124586
lorentz symmetry,271,0.003245796505124586
n =1,270,0.0032338193962495876
detailed analysis,269,0.003221842287374589
chiral model,269,0.003221842287374589
large scale,269,0.003221842287374589
earlier work,268,0.0032098651784995907
one-loop correction,268,0.0032098651784995907
infinite set,268,0.0032098651784995907
saddle point,267,0.0031978880696245915
relativistic quantum,266,0.0031859109607495933
noncommutative gauge,264,0.0031619567429995964
chiral anomaly,264,0.0031619567429995964
cosmological evolution,264,0.0031619567429995964
higher spin field,209,0.0031587065987185433
calabi-yau threefolds,263,0.0031499796341245977
recent progress,263,0.0031499796341245977
good agreement,263,0.0031499796341245977
chiral symmetry breaking,207,0.0031284797413145384
supersymmetric field,261,0.0031260254163746008
perfect fluid,260,0.0031140483074996025
linear sigma model,206,0.0031133663126125355
abelian higgs model,205,0.003098252883910533
hamiltonian formulation,258,0.0030900940897496056
canonical transformation,257,0.003078116980874607
statistical mechanic,256,0.0030661398719996086
possible application,254,0.0030421856542496117
present work,254,0.0030421856542496117
abelian higgs,254,0.0030421856542496117
supersymmetric model,253,0.0030302085453746135
first class,253,0.0030302085453746135
certain class,253,0.0030302085453746135
physical quantity,250,0.002994277218749618
superconformal theory,250,0.002994277218749618
euclidean space,249,0.0029823001098746196
modified gravity,249,0.0029823001098746196
hamiltonian formalism,249,0.0029823001098746196
double field theory,197,0.0029773454542945123
same time,248,0.002970323000999621
massive particle,248,0.002970323000999621
second class,248,0.002970323000999621
central extension,247,0.0029583458921246227
noncommutative field theory,195,0.002947118596890507
general result,246,0.002946368783249624
wide range,246,0.002946368783249624
generalized uncertainty principle,193,0.002916891739486502
black ring,243,0.0029104374566246284
n=2 supergravity,243,0.0029104374566246284
critical behavior,242,0.0028984603477496297
analytic solution,242,0.0028984603477496297
second part,242,0.0028984603477496297
magnetic monopoles,240,0.0028745061299996328
noncommutative field,240,0.0028745061299996328
null energy condition,190,0.002871551453380494
algebraic structure,239,0.0028625290211246345
analytic expression,238,0.002850551912249636
free theory,236,0.0028265976944996394
general method,236,0.0028265976944996394
gravitational collapse,236,0.0028265976944996394
curved spacetime,236,0.0028265976944996394
gravitational coupling,235,0.0028146205856246407
numerical solution,235,0.0028146205856246407
strong coupling limit,186,0.002811097738572484
abelian gauge field,186,0.002811097738572484
exact expression,234,0.0028026434767496424
quantum effect,234,0.0028026434767496424
unitary representation,233,0.0027906663678746437
local gauge,232,0.0027786892589996455
spinor field,232,0.0027786892589996455
new feature,232,0.0027786892589996455
finite volume,232,0.0027786892589996455
harmonic superspace,231,0.002766712150124647
bosonic field,231,0.002766712150124647
matrix element,230,0.0027547350412496486
quantum level,230,0.0027547350412496486
supersymmetric su,229,0.00274275793237465
near-horizon geometry,229,0.00274275793237465
higher derivative,229,0.00274275793237465
black branes,229,0.00274275793237465
general property,228,0.0027307808234996516
one-parameter family,228,0.0027307808234996516
one-to-one correspondence,228,0.0027307808234996516
low energy limit,180,0.002720417166360468
low energy effective action,155,0.0027196528402774083
dual cft,227,0.002718803714624653
one-loop level,226,0.0027068266057496543
gravitational interaction,226,0.0027068266057496543
gauge field theory,179,0.0027053037376584656
classical equation,225,0.002694849496874656
conformal theory,224,0.0026828723879996574
conserved quantity,224,0.0026828723879996574
integral equation,223,0.002670895279124659
special attention,223,0.002670895279124659
second law,223,0.002670895279124659
thermodynamic property,223,0.002670895279124659
modular invariance,222,0.0026589181702496604
dual gauge,221,0.002646941061374662
recent paper,220,0.002634963952499664
topological quantum,220,0.002634963952499664
exact renormalization group,174,0.002629736594148453
gauge invariant,219,0.0026229868436246652
ads_5 x,218,0.002611009734749667
flow equation,218,0.002611009734749667
thermodynamic bethe ansatz,172,0.0025995097367444474
gross-neveu model,217,0.0025990326258746683
invariant action,217,0.0025990326258746683
physical property,216,0.00258705551699967
holographic dual,216,0.00258705551699967
necessary condition,216,0.00258705551699967
ads_5 x s^5,171,0.0025843963080424445
general expression,215,0.0025750784081246714
classical action,215,0.0025750784081246714
dimensional theory,214,0.0025631012992496727
total energy,214,0.0025631012992496727
holographic description,213,0.0025511241903746745
yang-baxter equation,213,0.0025511241903746745
mechanical system,213,0.0025511241903746745
large volume,213,0.0025511241903746745
n >,212,0.0025391470814996758
linear sigma,212,0.0025391470814996758
initial data,212,0.0025391470814996758
generalized uncertainty,212,0.0025391470814996758
spectral curve,212,0.0025391470814996758
anomaly cancellation,212,0.0025391470814996758
specific example,212,0.0025391470814996758
relativistic particle,212,0.0025391470814996758
shear viscosity,211,0.0025271699726246775
spectral index,210,0.002515192863749679
einstein-hilbert action,210,0.002515192863749679
klein-gordon equation,210,0.002515192863749679
n =4,210,0.002515192863749679
classical theory,209,0.0025032157548746806
special relativity,209,0.0025032157548746806
topological phase,208,0.002491238645999682
scalar particle,208,0.002491238645999682
null energy,208,0.002491238645999682
various dimension,207,0.0024792615371246837
topological quantum field,164,0.0024786023071284263
topological invariant,206,0.002467284428249685
dual gauge theory,163,0.002463488878426424
fractional quantum hall,163,0.002463488878426424
perfect agreement,205,0.0024553073193746867
ten dimension,205,0.0024553073193746867
positive energy,205,0.0024553073193746867
conserved charge,204,0.0024433302104996885
recent proposal,204,0.0024433302104996885
internal symmetry,204,0.0024433302104996885
massive field,204,0.0024433302104996885
specific heat,203,0.0024313531016246894
double field,203,0.0024313531016246894
holographic renormalization,203,0.0024313531016246894
unified theory,202,0.002419375992749691
analytical solution,202,0.002419375992749691
marginal deformation,202,0.002419375992749691
accelerated expansion,202,0.002419375992749691
consistent truncation,201,0.0024073988838746925
third order,201,0.0024073988838746925
scalar-tensor theory,201,0.0024073988838746925
s * *,159,0.0024030351636184135
negative energy,200,0.002395421774999694
bosonic string theory,158,0.002387921734916411
particular attention,199,0.002383444666124696
concrete example,199,0.002383444666124696
new model,199,0.002383444666124696
variational principle,198,0.0023714675572496973
general theory,197,0.002359490448374699
arbitrary spin,197,0.002359490448374699
numerical method,197,0.002359490448374699
elliptic genus,197,0.002359490448374699
hidden symmetry,197,0.002359490448374699
de sitter,196,0.0023475133394997003
higher spin theory,155,0.002342581448810403
near horizon geometry,155,0.002342581448810403
small value,195,0.002335536230624702
giant graviton,195,0.002335536230624702
symplectic structure,195,0.002335536230624702
loop quantum,194,0.0023235591217497034
previous study,194,0.0023235591217497034
physical system,194,0.0023235591217497034
scalar theory,193,0.002311582012874705
conical singularity,193,0.002311582012874705
tachyon condensation,193,0.002311582012874705
differential geometry,193,0.002311582012874705
functional integral,193,0.002311582012874705
local supersymmetry,192,0.0022996049039997065
thermodynamic bethe,192,0.0022996049039997065
projective space,192,0.0022996049039997065
non-minimal coupling,192,0.0022996049039997065
classical string,192,0.0022996049039997065
composite operator,192,0.0022996049039997065
n=4 sym theory,152,0.0022972411627043953
critical dimension,191,0.002287627795124708
infrared divergence,191,0.002287627795124708
first order phase,151,0.002282127734002393
functional renormalization group,151,0.002282127734002393
gauss-bonnet term,190,0.0022756506862497096
magnetic moment,190,0.0022756506862497096
low-energy limit,190,0.0022756506862497096
scale invariance,190,0.0022756506862497096
minimal surface,190,0.0022756506862497096
numerical study,190,0.0022756506862497096
special class,190,0.0022756506862497096
physical degree,190,0.0022756506862497096
massive vector,189,0.002263673577374711
two-dimensional quantum,189,0.002263673577374711
higher curvature,188,0.0022516964684997126
free particle,188,0.0022516964684997126
type iib,188,0.0022516964684997126
mean field,188,0.0022516964684997126
elementary particle,187,0.002239719359624714
extrinsic curvature,186,0.0022277422507497157
thermodynamic quantity,186,0.0022277422507497157
interesting feature,186,0.0022277422507497157
certain condition,186,0.0022277422507497157
large value,186,0.0022277422507497157
quantum theory,186,0.0022277422507497157
hubble parameter,185,0.002215765141874717
gravitational anomaly,185,0.002215765141874717
thermal equilibrium,185,0.002215765141874717
first part,185,0.002215765141874717
anti-de sitter spacetime,146,0.00220656059049238
similar result,184,0.0022037880329997188
magnetic monopole,184,0.0022037880329997188
curved background,184,0.0022037880329997188
numerical calculation,184,0.0022037880329997188
chiral superfields,183,0.0021918109241247205
yukawa coupling,183,0.0021918109241247205
n=2 supersymmetry,183,0.0021918109241247205
differential form,182,0.002179833815249722
free field theory,144,0.0021763337330883746
strong evidence,181,0.0021678567063747236
various aspect,181,0.0021678567063747236
gravitational action,181,0.0021678567063747236
kaluza-klein theory,181,0.0021678567063747236
semiclassical approximation,181,0.0021678567063747236
second order phase,143,0.0021612203043863717
derivative correction,180,0.002155879597499725
cft correspondence,180,0.002155879597499725
natural way,179,0.0021439024886247262
boundary field,179,0.0021439024886247262
one-loop order,179,0.0021439024886247262
same result,179,0.0021439024886247262
quantum information,179,0.0021439024886247262
chiral primary,179,0.0021439024886247262
friedmann equation,178,0.002131925379749728
different way,178,0.002131925379749728
local field,178,0.002131925379749728
flat background,178,0.002131925379749728
arbitrary function,178,0.002131925379749728
n=1 supergravity,178,0.002131925379749728
minimal length,177,0.0021199482708747293
non-perturbative effect,177,0.0021199482708747293
schwinger-dyson equation,177,0.0021199482708747293
canonical ensemble,177,0.0021199482708747293
chiral field,176,0.002107971161999731
superconformal index,176,0.002107971161999731
exact renormalization,176,0.002107971161999731
linear perturbation,176,0.002107971161999731
chiral ring,175,0.0020959940531247324
type ii,175,0.0020959940531247324
metric perturbation,175,0.0020959940531247324
dynamical symmetry,174,0.002084016944249734
chiral gauge,174,0.002084016944249734
inflationary universe,174,0.002084016944249734
early time,174,0.002084016944249734
supersymmetric vacuum,173,0.0020720398353747354
infinite family,173,0.0020720398353747354
perturbative calculation,173,0.0020720398353747354
local symmetry,173,0.0020720398353747354
inflationary scenario,173,0.0020720398353747354
fermi surface,172,0.002060062726499737
first principle,172,0.002060062726499737
lattice gauge theory,136,0.0020554263034723535
apparent horizon,171,0.0020480856176247385
finite density,171,0.0020480856176247385
topological string theory,135,0.002040312874770351
infinite tower,170,0.0020361085087497403
soliton solution,170,0.0020361085087497403
thermodynamic limit,170,0.0020361085087497403
fractional quantum,170,0.0020361085087497403
nonabelian gauge,170,0.0020361085087497403
no-go theorem,169,0.002024131399874742
general framework,169,0.002024131399874742
wess-zumino term,169,0.002024131399874742
covariant derivative,169,0.002024131399874742
different value,169,0.002024131399874742
first example,169,0.002024131399874742
dynamical variable,168,0.002012154290999743
holographic principle,168,0.002012154290999743
final state,168,0.002012154290999743
observational data,168,0.002012154290999743
large-n limit,168,0.002012154290999743
geometric interpretation,168,0.002012154290999743
first class constraint,133,0.0020100860173663457
gravitational background,167,0.0020001771821247447
supersymmetric qcd,167,0.0020001771821247447
local lorentz,167,0.0020001771821247447
same way,167,0.0020001771821247447
holographic superconductors,167,0.0020001771821247447
sigma model,166,0.001988200073249746
lie algebra,166,0.001988200073249746
seiberg-witten map,166,0.001988200073249746
tensor product,166,0.001988200073249746
odd dimension,166,0.001988200073249746
flat direction,166,0.001988200073249746
one-point function,166,0.001988200073249746
low energy effective theory,113,0.001982714651299014
two-point correlation function,131,0.0019798591599623407
classical field theory,131,0.0019798591599623407
phase transition,165,0.0019762229643747477
flat space-time,165,0.0019762229643747477
numerical analysis,165,0.0019762229643747477
iib supergravity,165,0.0019762229643747477
massive scalar,165,0.0019762229643747477
flat connection,165,0.0019762229643747477
second class constraint,130,0.0019647457312603383
free massless,164,0.0019642458554997495
lagrangian density,164,0.0019642458554997495
slow-roll inflation,164,0.0019642458554997495
quantum number,163,0.0019522687466247508
large mass,163,0.0019522687466247508
warp factor,163,0.0019522687466247508
such system,163,0.0019522687466247508
gauss-bonnet gravity,163,0.0019522687466247508
hypergeometric function,163,0.0019522687466247508
loop quantum gravity,129,0.0019496323025583356
logarithmic correction,162,0.0019402916377497523
lagrangian formulation,162,0.0019402916377497523
higher genus,162,0.0019402916377497523
dimensional supergravity,162,0.0019402916377497523
cosmological term,162,0.0019402916377497523
cosmic censorship,162,0.0019402916377497523
explicit result,162,0.0019402916377497523
d =,162,0.0019402916377497523
reduced density matrix,128,0.0019345188738563329
brst symmetry,161,0.0019283145288747539
finite energy,161,0.0019283145288747539
long distance,161,0.0019283145288747539
proper time,161,0.0019283145288747539
modular transformation,160,0.0019163374199997554
massive graviton,160,0.0019163374199997554
functional renormalization,160,0.0019163374199997554
massive mode,160,0.0019163374199997554
square root,160,0.0019163374199997554
simple form,160,0.0019163374199997554
topological term,159,0.001904360311124757
four-dimensional theory,159,0.001904360311124757
false vacuum,159,0.001904360311124757
next-to-leading order,159,0.001904360311124757
effective string,159,0.001904360311124757
same form,159,0.001904360311124757
dirac fermion,159,0.001904360311124757
conformal group,159,0.001904360311124757
black hole evaporation,126,0.0019042920164523277
quantum state,158,0.0018923832022497587
local quantum,158,0.0018923832022497587
inner product,158,0.0018923832022497587
fourth order,158,0.0018923832022497587
invariant theory,157,0.0018804060933747598
brief review,157,0.0018804060933747598
conformal gauge,157,0.0018804060933747598
earlier result,157,0.0018804060933747598
linear dilaton,157,0.0018804060933747598
new family,157,0.0018804060933747598
modular form,157,0.0018804060933747598
complex structure modulus,124,0.0018740651590483228
black hole physic,124,0.0018740651590483228
black hole geometry,124,0.0018740651590483228
general structure,156,0.0018684289844997613
metric tensor,156,0.0018684289844997613
explicit computation,156,0.0018684289844997613
planck scale,156,0.0018684289844997613
calabi-yau threefold,155,0.0018564518756247629
lattice gauge,155,0.0018564518756247629
broken phase,155,0.0018564518756247629
cosmological horizon,155,0.0018564518756247629
electric-magnetic duality,155,0.0018564518756247629
flux compactifications,155,0.0018564518756247629
holographic duality,154,0.0018444747667497646
mutual information,154,0.0018444747667497646
natural generalization,154,0.0018444747667497646
gravitational perturbation,154,0.0018444747667497646
asymptotic freedom,154,0.0018444747667497646
black hole information,122,0.0018438383016443174
numerical evidence,153,0.0018324976578747662
wheeler-dewitt equation,153,0.0018324976578747662
holographic duals,153,0.0018324976578747662
cosmic acceleration,153,0.0018324976578747662
special geometry,153,0.0018324976578747662
toda field theory,121,0.0018287248729423147
fundamental matter,152,0.0018205205489997677
infinite series,152,0.0018205205489997677
kinetic energy,152,0.0018205205489997677
wess-zumino-witten model,152,0.0018205205489997677
black brane solution,120,0.001813611444240312
different approach,151,0.0018085434401247692
arbitrary value,151,0.0018085434401247692
twisted sector,151,0.0018085434401247692
liouville field,151,0.0018085434401247692
pure yang-mills,151,0.0018085434401247692
planck mass,151,0.0018085434401247692
black hole formation,119,0.0017984980155383095
extended phase space,119,0.0017984980155383095
complex plane,150,0.0017965663312497708
long time,150,0.0017965663312497708
chiral multiplets,150,0.0017965663312497708
simplest case,150,0.0017965663312497708
solvable model,150,0.0017965663312497708
simple lie,149,0.0017845892223747723
maximal supergravity,149,0.0017845892223747723
spatial infinity,149,0.0017845892223747723
scalar hair,149,0.0017845892223747723
fine tuning,149,0.0017845892223747723
spectral function,148,0.0017726121134997738
d dimension,148,0.0017726121134997738
highest weight,148,0.0017726121134997738
extremal limit,148,0.0017726121134997738
thermal state,148,0.0017726121134997738
small perturbation,148,0.0017726121134997738
quantum phase transition,117,0.0017682711581343041
scalar field model,117,0.0017682711581343041
riemannian manifold,147,0.0017606350046247754
higgs branch,147,0.0017606350046247754
compact dimension,147,0.0017606350046247754
n=8 supergravity,147,0.0017606350046247754
conserved current,147,0.0017606350046247754
mechanical model,147,0.0017606350046247754
relativistic quantum field,116,0.0017531577294323019
non-abelian gauge field,116,0.0017531577294323019
extended object,146,0.001748657895749777
detailed study,146,0.001748657895749777
physical meaning,146,0.001748657895749777
further evidence,146,0.001748657895749777
conformal bootstrap,146,0.001748657895749777
penrose limit,146,0.001748657895749777
open string field,115,0.0017380443007302992
black hole spacetimes,115,0.0017380443007302992
collective coordinate,145,0.0017366807868747782
general gauge,145,0.0017366807868747782
general formalism,145,0.0017366807868747782
dimensional quantum,145,0.0017366807868747782
derivative gravity,145,0.0017366807868747782
systematic study,145,0.0017366807868747782
asymptotic behaviour,144,0.0017247036779997798
weak field,144,0.0017247036779997798
quantum phase,144,0.0017247036779997798
geometrical interpretation,144,0.0017247036779997798
holographic superconductor,144,0.0017247036779997798
higher order correction,114,0.0017229308720282965
chiral gauge theory,114,0.0017229308720282965
long range,143,0.0017127265691247813
broken symmetry,143,0.0017127265691247813
born-infeld action,143,0.0017127265691247813
chiral matter,143,0.0017127265691247813
chiral algebra,143,0.0017127265691247813
wzw model,143,0.0017127265691247813
pp-wave background,143,0.0017127265691247813
non-relativistic limit,143,0.0017127265691247813
particular class,143,0.0017127265691247813
small scale,142,0.0017007494602497828
flat spacetimes,142,0.0017007494602497828
free boson,142,0.0017007494602497828
particular choice,142,0.0017007494602497828
one-loop amplitude,142,0.0017007494602497828
n=1 supersymmetry,142,0.0017007494602497828
dimensional space,142,0.0017007494602497828
two-point correlation,142,0.0017007494602497828
black hole mass,112,0.0016927040146242913
invariant partition function,112,0.0016927040146242913
integrable structure,141,0.0016887723513747844
conformal supergravity,141,0.0016887723513747844
general coordinate,141,0.0016887723513747844
bosonic sector,141,0.0016887723513747844
holographic theory,141,0.0016887723513747844
modular invariant,141,0.0016887723513747844
modulus stabilization,141,0.0016887723513747844
ward identity,141,0.0016887723513747844
universality class,141,0.0016887723513747844
toda field,141,0.0016887723513747844
dynamical triangulation,141,0.0016887723513747844
simple way,141,0.0016887723513747844
potential term,141,0.0016887723513747844
cosmological singularity,141,0.0016887723513747844
special value,141,0.0016887723513747844
effective coupling,141,0.0016887723513747844
higher spin gauge,111,0.0016775905859222886
brst cohomology,140,0.001676795242499786
topological insulator,140,0.001676795242499786
possible implication,140,0.001676795242499786
dynamical exponent,140,0.001676795242499786
new example,140,0.001676795242499786
full set,140,0.001676795242499786
particular example,140,0.001676795242499786
spherical symmetry,139,0.0016648181336247874
spectral parameter,139,0.0016648181336247874
scalar mode,139,0.0016648181336247874
general feature,139,0.0016648181336247874
two-dimensional quantum gravity,110,0.001662477157220286
lorentz violation,138,0.0016528410247497892
dimensional gauge theory,109,0.0016473637285182837
open string theory,109,0.0016473637285182837
nonlinear realization,137,0.0016408639158747907
dimensional gravity,137,0.0016408639158747907
analytical result,137,0.0016408639158747907
cosmological background,137,0.0016408639158747907
brst charge,137,0.0016408639158747907
landau gauge,137,0.0016408639158747907
reduced density,137,0.0016408639158747907
positive definite,137,0.0016408639158747907
gravitational field equation,108,0.001632250299816281
simple expression,136,0.0016288868069997923
new way,136,0.0016288868069997923
arbitrary gauge,136,0.0016288868069997923
single field,136,0.0016288868069997923
quantum system,136,0.0016288868069997923
hamiltonian system,136,0.0016288868069997923
initial value,136,0.0016288868069997923
chiral primary operator,107,0.0016171368711142783
conformal algebra,135,0.0016169096981247938
recent study,135,0.0016169096981247938
dirac field,135,0.0016169096981247938
loop correction,135,0.0016169096981247938
euclidean action,135,0.0016169096981247938
hamiltonian approach,135,0.0016169096981247938
systematic way,135,0.0016169096981247938
n=4 super-yang-mills,135,0.0016169096981247938
hamiltonian reduction,134,0.0016049325892497953
real part,134,0.0016049325892497953
angular velocity,134,0.0016049325892497953
null infinity,134,0.0016049325892497953
effective description,134,0.0016049325892497953
f-theory compactifications,134,0.0016049325892497953
coherent state,134,0.0016049325892497953
analytical expression,133,0.0015929554803747966
direct product,133,0.0015929554803747966
central role,133,0.0015929554803747966
dimensional gauge,133,0.0015929554803747966
integral approach,133,0.0015929554803747966
low frequency,133,0.0015929554803747966
noncommutative spacetime,133,0.0015929554803747966
other word,133,0.0015929554803747966
seiberg-witten curve,133,0.0015929554803747966
asymptotic safety,133,0.0015929554803747966
exponential potential,133,0.0015929554803747966
double scaling limit,105,0.0015869100137102731
known result,132,0.0015809783714997982
critical phenomenon,132,0.0015809783714997982
nonlinear electrodynamics,132,0.0015809783714997982
lax pair,132,0.0015809783714997982
simple case,132,0.0015809783714997982
asymptotic region,132,0.0015809783714997982
supersymmetric sigma model,104,0.0015717965850082704
n=2 gauge theory,104,0.0015717965850082704
hooft coupling,131,0.0015690012626247997
special emphasis,131,0.0015690012626247997
conformal gravity,131,0.0015690012626247997
particular emphasis,131,0.0015690012626247997
n=2 theory,131,0.0015690012626247997
non-commutative geometry,131,0.0015690012626247997
conformal weight,131,0.0015690012626247997
unruh effect,131,0.0015690012626247997
effective mass,130,0.0015570241537498013
eternal inflation,130,0.0015570241537498013
different method,130,0.0015570241537498013
finite value,130,0.0015570241537498013
covariant gauge,130,0.0015570241537498013
black hole spacetime,103,0.0015566831563062677
theory side,129,0.0015450470448748028
hamiltonian constraint,129,0.0015450470448748028
kaluza-klein reduction,129,0.0015450470448748028
gravitational effect,129,0.0015450470448748028
curved space-time,129,0.0015450470448748028
pure gauge,129,0.0015450470448748028
charged particle,129,0.0015450470448748028
conformal factor,129,0.0015450470448748028
massive fermion,129,0.0015450470448748028
broad class,129,0.0015450470448748028
ads_5 \times,128,0.0015330699359998043
non-critical string,128,0.0015330699359998043
grand unification,128,0.0015330699359998043
infrared limit,128,0.0015330699359998043
wess-zumino model,128,0.0015330699359998043
minimal coupling,128,0.0015330699359998043
mass term,127,0.0015210928271248059
simplest example,127,0.0015210928271248059
new set,127,0.0015210928271248059
extended phase,127,0.0015210928271248059
spatial curvature,127,0.0015210928271248059
topological soliton,127,0.0015210928271248059
chern-simons term,127,0.0015210928271248059
complete agreement,127,0.0015210928271248059
rotational symmetry,127,0.0015210928271248059
bps solution,126,0.0015091157182498074
complex scalar,126,0.0015091157182498074
ads/cft duality,126,0.0015091157182498074
cosmological scenario,126,0.0015091157182498074
inflationary cosmology,126,0.0015091157182498074
landau level,125,0.001497138609374809
slow roll,125,0.001497138609374809
minkowski spacetime,125,0.001497138609374809
spectral density,125,0.001497138609374809
wilson line,125,0.001497138609374809
theoretical physic,125,0.001497138609374809
orbifold singularity,125,0.001497138609374809
hagedorn temperature,125,0.001497138609374809
additional term,125,0.001497138609374809
hamiltonian analysis,124,0.0014851615004998105
scalar manifold,124,0.0014851615004998105
topological order,124,0.0014851615004998105
functional equation,124,0.0014851615004998105
scalar mass,124,0.0014851615004998105
hermitian matrix,124,0.0014851615004998105
spectral flow,124,0.0014851615004998105
stochastic quantization,124,0.0014851615004998105
supersymmetric case,124,0.0014851615004998105
young diagram,124,0.0014851615004998105
nonabelian gauge theory,98,0.001481116012796255
effective equation,123,0.001473184391624812
minimal supergravity,123,0.001473184391624812
ultraviolet divergence,123,0.001473184391624812
radial coordinate,123,0.001473184391624812
massless field,123,0.001473184391624812
long wavelength,123,0.001473184391624812
integrable spin chain,97,0.0014660025840942522
dark energy model,97,0.0014660025840942522
integrable field theory,97,0.0014660025840942522
higher spin gravity,97,0.0014660025840942522
compact space,122,0.0014612072827498133
previous analysis,122,0.0014612072827498133
space-time supersymmetry,122,0.0014612072827498133
functional form,122,0.0014612072827498133
covariant formulation,122,0.0014612072827498133
gauge group su,96,0.0014508891553922495
massive type iia,96,0.0014508891553922495
novel feature,121,0.0014492301738748149
d >,121,0.0014492301738748149
randall-sundrum model,121,0.0014492301738748149
excellent agreement,121,0.0014492301738748149
massive gauge,121,0.0014492301738748149
witten index,121,0.0014492301738748149
unbroken supersymmetry,121,0.0014492301738748149
holomorphic function,121,0.0014492301738748149
two-loop order,120,0.0014372530649998164
tachyon field,120,0.0014372530649998164
spontaneous breakdown,120,0.0014372530649998164
cubic interaction,120,0.0014372530649998164
tensor-to-scalar ratio,120,0.0014372530649998164
physical consequence,120,0.0014372530649998164
quasi-normal mode,120,0.0014372530649998164
potential energy,120,0.0014372530649998164
cosmological implication,120,0.0014372530649998164
integral formulation,120,0.0014372530649998164
random matrix,120,0.0014372530649998164
monopole solution,120,0.0014372530649998164
dimensional spacetime,120,0.0014372530649998164
parallel plate,120,0.0014372530649998164
massive gravity theory,95,0.001435775726690247
observational constraint,119,0.001425275956124818
seiberg-witten theory,119,0.001425275956124818
fermionic string,119,0.001425275956124818
constrained system,119,0.001425275956124818
semiclassical limit,119,0.001425275956124818
differential operator,119,0.001425275956124818
chiral superfield,119,0.001425275956124818
dynamical equation,119,0.001425275956124818
appropriate choice,119,0.001425275956124818
first-order phase transition,94,0.0014206622979882446
calabi-yau compactifications,118,0.0014132988472498197
homogeneous space,118,0.0014132988472498197
derivative coupling,118,0.0014132988472498197
experimental data,118,0.0014132988472498197
classical dynamic,118,0.0014132988472498197
physical implication,118,0.0014132988472498197
back reaction,118,0.0014132988472498197
near-horizon limit,118,0.0014132988472498197
gravitational constant,118,0.0014132988472498197
basic property,118,0.0014132988472498197
noncommutative parameter,117,0.0014013217383748212
invariant partition,117,0.0014013217383748212
quantum cosmology,117,0.0014013217383748212
other field,117,0.0014013217383748212
classical mechanic,117,0.0014013217383748212
horava-lifshitz gravity,117,0.0014013217383748212
possible extension,117,0.0014013217383748212
fifth dimension,117,0.0014013217383748212
pure yang-mills theory,92,0.0013904354405842394
higher rank,116,0.0013893446294998228
spinor equation,116,0.0013893446294998228
bps state,116,0.0013893446294998228
dual pair,116,0.0013893446294998228
geometric structure,116,0.0013893446294998228
s-matrix element,116,0.0013893446294998228
path integral,116,0.0013893446294998228
scalar product,116,0.0013893446294998228
many case,116,0.0013893446294998228
dual string,116,0.0013893446294998228
seiberg duality,116,0.0013893446294998228
complete classification,116,0.0013893446294998228
invariant field,115,0.0013773675206248243
nonminimal coupling,115,0.0013773675206248243
leading term,115,0.0013773675206248243
landau-ginzburg model,115,0.0013773675206248243
tree amplitude,115,0.0013773675206248243
external source,115,0.0013773675206248243
ansatz equation,115,0.0013773675206248243
general procedure,115,0.0013773675206248243
certain case,115,0.0013773675206248243
noncommutative quantum,115,0.0013773675206248243
new kind,115,0.0013773675206248243
global structure,115,0.0013773675206248243
strong interaction,115,0.0013773675206248243
specific value,115,0.0013773675206248243
n=4 super-yang-mills theory,91,0.0013753220118822367
condensed matter physic,91,0.0013753220118822367
wilson loop,114,0.0013653904117498258
same order,114,0.0013653904117498258
induced gravity,114,0.0013653904117498258
odinger equation,114,0.0013653904117498258
thermal fluctuation,114,0.0013653904117498258
new formulation,114,0.0013653904117498258
calabi-yau space,114,0.0013653904117498258
mathematical structure,114,0.0013653904117498258
type iia,114,0.0013653904117498258
strong constraint,114,0.0013653904117498258
heterotic superstring,114,0.0013653904117498258
gravitational radiation,114,0.0013653904117498258
boundary field theory,90,0.001360208583180234
scalar quantum field,90,0.001360208583180234
string field theory,90,0.001360208583180234
double scaling,113,0.0013534133028748271
direct sum,113,0.0013534133028748271
dimensional field,113,0.0013534133028748271
internal manifold,113,0.0013534133028748271
green-schwarz superstring,113,0.0013534133028748271
spatial direction,113,0.0013534133028748271
n=2 gauge,113,0.0013534133028748271
dynamical mass,113,0.0013534133028748271
non-perturbative correction,113,0.0013534133028748271
scalar matter,113,0.0013534133028748271
various type,113,0.0013534133028748271
higher loop,113,0.0013534133028748271
generic value,113,0.0013534133028748271
dimensional field theory,89,0.0013450951544782313
even dimension,112,0.0013414361939998287
topological sector,112,0.0013414361939998287
primary operator,112,0.0013414361939998287
physical application,112,0.0013414361939998287
analytic result,112,0.0013414361939998287
loop order,112,0.0013414361939998287
n expansion,112,0.0013414361939998287
\cal o,112,0.0013414361939998287
such state,112,0.0013414361939998287
abelian vector,112,0.0013414361939998287
sym theory,112,0.0013414361939998287
scalar quantum,112,0.0013414361939998287
unified description,112,0.0013414361939998287
first case,112,0.0013414361939998287
certain limit,112,0.0013414361939998287
global supersymmetry,112,0.0013414361939998287
scalar field potential,88,0.0013299817257762289
non-fermi liquid,111,0.0013294590851248302
eleven dimension,111,0.0013294590851248302
supersymmetric version,111,0.0013294590851248302
small mass,111,0.0013294590851248302
finite time,111,0.0013294590851248302
topological theory,111,0.0013294590851248302
exact formula,111,0.0013294590851248302
open problem,111,0.0013294590851248302
complete intersection,110,0.001317481976249832
dual model,110,0.001317481976249832
full quantum,110,0.001317481976249832
original theory,110,0.001317481976249832
key role,110,0.001317481976249832
n c,110,0.001317481976249832
new insight,110,0.001317481976249832
general covariance,110,0.001317481976249832
two-dimensional model,110,0.001317481976249832
uv completion,110,0.001317481976249832
affine toda,110,0.001317481976249832
collective field,110,0.001317481976249832
fermionic degree,110,0.001317481976249832
specific case,110,0.001317481976249832
key ingredient,110,0.001317481976249832
boundary cft,110,0.001317481976249832
physical observables,110,0.001317481976249832
anti-de sitter black hole,75,0.001315961051747133
strong coupling regime,87,0.0013148682970742264
total number,109,0.0013055048673748335
schwarzschild solution,109,0.0013055048673748335
one-loop contribution,109,0.0013055048673748335
second derivative,109,0.0013055048673748335
perturbative string,109,0.0013055048673748335
einstein-maxwell theory,109,0.0013055048673748335
various property,109,0.0013055048673748335
toy model,109,0.0013055048673748335
infinite volume,109,0.0013055048673748335
relativistic field,109,0.0013055048673748335
specific model,109,0.0013055048673748335
covariant quantization,109,0.0013055048673748335
new term,109,0.0013055048673748335
topological gravity,109,0.0013055048673748335
supersymmetric generalization,109,0.0013055048673748335
previous calculation,109,0.0013055048673748335
chiral condensate,109,0.0013055048673748335
unitary gauge,109,0.0013055048673748335
integrable spin,109,0.0013055048673748335
fayet-iliopoulos term,109,0.0013055048673748335
condensed matter system,86,0.0012997548683722237
kaluza-klein mode,108,0.001293527758499835
regular solution,108,0.001293527758499835
brst quantization,108,0.001293527758499835
real time,108,0.001293527758499835
heavy quark,108,0.001293527758499835
topological property,108,0.001293527758499835
mixed state,108,0.001293527758499835
topological mass,108,0.001293527758499835
inflationary phase,108,0.001293527758499835
main feature,108,0.001293527758499835
geodesic motion,108,0.001293527758499835
broken supersymmetry,108,0.001293527758499835
relevant operator,108,0.001293527758499835
abjm theory,108,0.001293527758499835
free field realization,85,0.001284641439670221
quark-gluon plasma,107,0.0012815506496248364
commutative limit,107,0.0012815506496248364
loop equation,107,0.0012815506496248364
partial wave,107,0.0012815506496248364
functional determinant,107,0.0012815506496248364
null geodesic,107,0.0012815506496248364
symmetric tensor,107,0.0012815506496248364
integrable field,107,0.0012815506496248364
string field,106,0.0012695735407498379
second case,106,0.0012695735407498379
canonical formalism,106,0.0012695735407498379
noncommutative plane,106,0.0012695735407498379
two-dimensional gravity,106,0.0012695735407498379
lagrangian description,106,0.0012695735407498379
wall solution,106,0.0012695735407498379
axial gauge,106,0.0012695735407498379
tree-level amplitude,106,0.0012695735407498379
pure gravity,106,0.0012695735407498379
large spin,106,0.0012695735407498379
form factor,106,0.0012695735407498379
new form,106,0.0012695735407498379
local quantum field,84,0.0012695280109682185
massive vector field,84,0.0012695280109682185
boundary value,105,0.0012575964318748394
general condition,105,0.0012575964318748394
logarithmic term,105,0.0012575964318748394
compact manifold,105,0.0012575964318748394
general dimension,105,0.0012575964318748394
supersymmetric u,105,0.0012575964318748394
supersymmetric action,105,0.0012575964318748394
hamiltonian structure,105,0.0012575964318748394
stationary solution,105,0.0012575964318748394
supersymmetric sigma,105,0.0012575964318748394
orthogonal polynomial,105,0.0012575964318748394
such background,105,0.0012575964318748394
canonical commutation relation,83,0.0012544145822662158
anti-de sitter space-time,83,0.0012544145822662158
relativistic field theory,83,0.0012544145822662158
n gauge theory,83,0.0012544145822662158
holographic dark energy,83,0.0012544145822662158
translational invariance,104,0.001245619322999841
sine-gordon theory,104,0.001245619322999841
quantum geometry,104,0.001245619322999841
axial anomaly,104,0.001245619322999841
spatial coordinate,104,0.001245619322999841
affine lie,104,0.001245619322999841
modular group,104,0.001245619322999841
fundamental theory,104,0.001245619322999841
small number,104,0.001245619322999841
thermodynamical property,104,0.001245619322999841
analytic property,104,0.001245619322999841
possible way,104,0.001245619322999841
liouville field theory,82,0.0012393011535642132
susy gauge theory,82,0.0012393011535642132
4-point function,103,0.0012336422141248425
general argument,103,0.0012336422141248425
large radius,103,0.0012336422141248425
scalar operator,103,0.0012336422141248425
gauged supergravities,103,0.0012336422141248425
closed bosonic,103,0.0012336422141248425
chiral operator,103,0.0012336422141248425
different phase,103,0.0012336422141248425
self-dual yang-mills,103,0.0012336422141248425
solar system,103,0.0012336422141248425
second-order phase transition,81,0.0012241877248622107
harmonic function,102,0.0012216651052498442
gravitational chern-simons,102,0.0012216651052498442
orientifold plane,102,0.0012216651052498442
small fluctuation,102,0.0012216651052498442
dimensional space-time,102,0.0012216651052498442
spatial section,102,0.0012216651052498442
uv divergence,102,0.0012216651052498442
lorentzian signature,102,0.0012216651052498442
on-shell action,102,0.0012216651052498442
natural interpretation,102,0.0012216651052498442
warped product,102,0.0012216651052498442
discrete spectrum,102,0.0012216651052498442
generic feature,102,0.0012216651052498442
other case,102,0.0012216651052498442
d=11 supergravity,102,0.0012216651052498442
dimensional case,102,0.0012216651052498442
certain value,102,0.0012216651052498442
bosonic part,102,0.0012216651052498442
fine structure,102,0.0012216651052498442
elliptic curve,102,0.0012216651052498442
bound state,101,0.0012096879963748456
first-order phase,101,0.0012096879963748456
new perspective,101,0.0012096879963748456
spectral problem,101,0.0012096879963748456
hep-th ],101,0.0012096879963748456
wave function,101,0.0012096879963748456
gravitational instantons,101,0.0012096879963748456
four-dimensional gauge,101,0.0012096879963748456
theoretical model,101,0.0012096879963748456
general background,101,0.0012096879963748456
four-dimensional gauge theory,80,0.0012090742961602082
simple lie algebra,80,0.0012090742961602082
four-point correlation function,80,0.0012090742961602082
brans-dicke theory,100,0.001197710887499847
nonperturbative effect,100,0.001197710887499847
feynman graph,100,0.001197710887499847
long string,100,0.001197710887499847
dual formulation,100,0.001197710887499847
anomaly equation,100,0.001197710887499847
new theory,100,0.001197710887499847
little string theory,79,0.0011939608674582055
weak gravity,99,0.0011857337786248486
constant background,99,0.0011857337786248486
world-volume theory,99,0.0011857337786248486
possible generalization,99,0.0011857337786248486
universal form,99,0.0011857337786248486
electric flux,99,0.0011857337786248486
one-loop approximation,99,0.0011857337786248486
n gauge,99,0.0011857337786248486
yang-mills field,99,0.0011857337786248486
vortex solution,99,0.0011857337786248486
general construction,99,0.0011857337786248486
quartic interaction,99,0.0011857337786248486
lorentz transformation,99,0.0011857337786248486
three-point correlation function,78,0.0011788474387562028
light cone gauge,78,0.0011788474387562028
toric variety,98,0.0011737566697498502
differential calculus,98,0.0011737566697498502
spectral action,98,0.0011737566697498502
bose-einstein condensate,98,0.0011737566697498502
different gauge,98,0.0011737566697498502
minkowski space-time,98,0.0011737566697498502
physical theory,98,0.0011737566697498502
gravitational potential,98,0.0011737566697498502
one-loop quantum,98,0.0011737566697498502
euclidean time,98,0.0011737566697498502
present result,98,0.0011737566697498502
massive type,98,0.0011737566697498502
hyperbolic space,98,0.0011737566697498502
particular value,98,0.0011737566697498502
gravitational chern-simons term,77,0.0011637340100542003
dynamical supersymmetry,97,0.0011617795608748517
complex geometry,97,0.0011617795608748517
perturbative quantum,97,0.0011617795608748517
scalar model,97,0.0011617795608748517
systematic method,97,0.0011617795608748517
natural extension,97,0.0011617795608748517
certain range,97,0.0011617795608748517
perturbative correction,97,0.0011617795608748517
new mechanism,97,0.0011617795608748517
lower dimension,97,0.0011617795608748517
dyson-schwinger equation,97,0.0011617795608748517
dimensional model,97,0.0011617795608748517
recent year,97,0.0011617795608748517
extended supersymmetry,96,0.0011498024519998532
more detail,96,0.0011498024519998532
\mathcal n,96,0.0011498024519998532
supersymmetric localization,96,0.0011498024519998532
spectral triple,96,0.0011498024519998532
loop expansion,96,0.0011498024519998532
discrete torsion,96,0.0011498024519998532
gauge boson,96,0.0011498024519998532
new phase,96,0.0011498024519998532
external momentum,96,0.0011498024519998532
former case,96,0.0011498024519998532
singular point,96,0.0011498024519998532
spin-2 field,96,0.0011498024519998532
massless fermion,96,0.0011498024519998532
asymptotic symmetry algebra,76,0.0011486205813521977
large scale structure,76,0.0011486205813521977
analytic structure,95,0.0011378253431248548
2-point function,95,0.0011378253431248548
3-point function,95,0.0011378253431248548
higgs mass,95,0.0011378253431248548
wormhole solution,95,0.0011378253431248548
finite n,95,0.0011378253431248548
wick rotation,95,0.0011378253431248548
chiral boson,95,0.0011378253431248548
exact form,95,0.0011378253431248548
arbitrary background,95,0.0011378253431248548
superconformal chern-simons,95,0.0011378253431248548
present evidence,95,0.0011378253431248548
hamilton-jacobi equation,95,0.0011378253431248548
supersymmetric standard model,75,0.001133507152650195
reduced phase space,75,0.001133507152650195
free field representation,75,0.001133507152650195
bosonic string field,75,0.001133507152650195
elliptic function,94,0.0011258482342498563
such field,94,0.0011258482342498563
quasinormal frequency,94,0.0011258482342498563
other model,94,0.0011258482342498563
massive state,94,0.0011258482342498563
different choice,94,0.0011258482342498563
other approach,94,0.0011258482342498563
self-adjoint extension,94,0.0011258482342498563
brst invariance,94,0.0011258482342498563
abelian chern-simons,94,0.0011258482342498563
dual geometry,94,0.0011258482342498563
massless particle,94,0.0011258482342498563
single trace,94,0.0011258482342498563
exact agreement,94,0.0011258482342498563
uv/ir mixing,94,0.0011258482342498563
little string,94,0.0011258482342498563
non-renormalization theorem,94,0.0011258482342498563
special choice,94,0.0011258482342498563
3-form flux,94,0.0011258482342498563
powerful tool,94,0.0011258482342498563
holographic rg,94,0.0011258482342498563
strong coupling expansion,74,0.0011183937239481925
massive thirring model,74,0.0011183937239481925
perturbative approach,93,0.0011138711253748578
realistic model,93,0.0011138711253748578
dual gravity,93,0.0011138711253748578
covariant form,93,0.0011138711253748578
orbifold model,93,0.0011138711253748578
space-time symmetry,93,0.0011138711253748578
supersymmetric background,93,0.0011138711253748578
numerical computation,93,0.0011138711253748578
riemannian geometry,93,0.0011138711253748578
new physic,93,0.0011138711253748578
integrable deformation,93,0.0011138711253748578
better understanding,93,0.0011138711253748578
general analysis,93,0.0011138711253748578
recent conjecture,93,0.0011138711253748578
classical gravity,93,0.0011138711253748578
closed string field,73,0.00110328029524619
closed bosonic string,73,0.00110328029524619
metastable vacuum,92,0.0011018940164998594
effective superpotential,92,0.0011018940164998594
low-energy theory,92,0.0011018940164998594
inverse power,92,0.0011018940164998594
equal footing,92,0.0011018940164998594
functional relation,92,0.0011018940164998594
brst transformation,92,0.0011018940164998594
classical background,92,0.0011018940164998594
high frequency,92,0.0011018940164998594
quantum deformation,92,0.0011018940164998594
average action,92,0.0011018940164998594
such operator,92,0.0011018940164998594
classical gauge,91,0.001089916907624861
aharonov-bohm effect,91,0.001089916907624861
chaotic inflation,91,0.001089916907624861
four-point correlation,91,0.001089916907624861
infinite class,91,0.001089916907624861
finite radius,91,0.001089916907624861
spontaneous supersymmetry,91,0.001089916907624861
euclidean quantum,91,0.001089916907624861
open question,91,0.001089916907624861
hawking temperature,91,0.001089916907624861
normal mode,91,0.001089916907624861
monte carlo,91,0.001089916907624861
high energy physic,72,0.0010881668665441873
conformal perturbation theory,72,0.0010881668665441873
vacuum expectation value,72,0.0010881668665441873
einstein field equation,72,0.0010881668665441873
local gauge symmetry,72,0.0010881668665441873
11-dimensional supergravity,90,0.0010779397987498625
canonical commutation,90,0.0010779397987498625
arbitrary order,90,0.0010779397987498625
integrable hierarchy,90,0.0010779397987498625
gravitational sector,90,0.0010779397987498625
upper limit,90,0.0010779397987498625
quantum entanglement,90,0.0010779397987498625
modified version,90,0.0010779397987498625
noncommutative torus,90,0.0010779397987498625
threshold correction,90,0.0010779397987498625
vacuum fluctuation,90,0.0010779397987498625
suitable choice,90,0.0010779397987498625
spacetime geometry,90,0.0010779397987498625
born-infeld theory,90,0.0010779397987498625
exceptional field theory,71,0.0010730534378421846
two-dimensional field theory,71,0.0010730534378421846
finite size effect,71,0.0010730534378421846
closed string theory,71,0.0010730534378421846
circular wilson loop,71,0.0010730534378421846
fractional branes,89,0.001065962689874864
appropriate limit,89,0.001065962689874864
invariant formulation,89,0.001065962689874864
scalar degree,89,0.001065962689874864
canonical structure,89,0.001065962689874864
extra term,89,0.001065962689874864
massive theory,89,0.001065962689874864
remarkable property,89,0.001065962689874864
asymptotic form,89,0.001065962689874864
symmetric phase,89,0.001065962689874864
soft supersymmetry,89,0.001065962689874864
two-dimensional theory,89,0.001065962689874864
low energy dynamic,70,0.001057940009140182
affine lie algebra,70,0.001057940009140182
random matrix theory,70,0.001057940009140182
chern class,88,0.0010539855809998655
noncommutative u,88,0.0010539855809998655
critical coupling,88,0.0010539855809998655
supersymmetric string,88,0.0010539855809998655
big crunch,88,0.0010539855809998655
euclidean path,88,0.0010539855809998655
negative value,88,0.0010539855809998655
compact object,88,0.0010539855809998655
full theory,88,0.0010539855809998655
chern-simons-matter theory,88,0.0010539855809998655
yangian symmetry,88,0.0010539855809998655
off-shell formulation,88,0.0010539855809998655
weak gravity conjecture,69,0.0010428265804381795
heterotic string compactifications,69,0.0010428265804381795
higher order term,69,0.0010428265804381795
perturbative analysis,87,0.001042008472124867
adm mass,87,0.001042008472124867
spacetime supersymmetry,87,0.001042008472124867
cardy formula,87,0.001042008472124867
special point,87,0.001042008472124867
massive dirac,87,0.001042008472124867
continuous symmetry,87,0.001042008472124867
possible solution,87,0.001042008472124867
quantum version,87,0.001042008472124867
integral quantization,87,0.001042008472124867
nonrelativistic limit,87,0.001042008472124867
positive integer,87,0.001042008472124867
translational symmetry,87,0.001042008472124867
circular orbit,87,0.001042008472124867
simple proof,87,0.001042008472124867
arbitrary mass,87,0.001042008472124867
derivative theory,87,0.001042008472124867
internal structure,87,0.001042008472124867
effective gauge,87,0.001042008472124867
alternative approach,87,0.001042008472124867
massive iia,86,0.0010300313632498686
static potential,86,0.0010300313632498686
liouville theory,86,0.0010300313632498686
free scalar,86,0.0010300313632498686
d-brane configuration,86,0.0010300313632498686
phase space,86,0.0010300313632498686
simple method,86,0.0010300313632498686
simple formula,86,0.0010300313632498686
conformal perturbation,86,0.0010300313632498686
integral formalism,86,0.0010300313632498686
newtonian potential,86,0.0010300313632498686
fundamental field,86,0.0010300313632498686
linear equation,86,0.0010300313632498686
low energy theory,68,0.0010277131517361768
topological string amplitude,68,0.0010277131517361768
arbitrary gauge group,68,0.0010277131517361768
invariant field theory,68,0.0010277131517361768
anti-de sitter spacetimes,68,0.0010277131517361768
weak energy condition,68,0.0010277131517361768
holographic qcd,85,0.0010180542543748701
quadratic order,85,0.0010180542543748701
big rip,85,0.0010180542543748701
local observables,85,0.0010180542543748701
kalb-ramond field,85,0.0010180542543748701
recent observation,85,0.0010180542543748701
toroidal compactification,85,0.0010180542543748701
pedagogical introduction,85,0.0010180542543748701
gauge coupling,85,0.0010180542543748701
poisson bracket,85,0.0010180542543748701
arbitrary genus,85,0.0010180542543748701
interesting property,85,0.0010180542543748701
local minimum,85,0.0010180542543748701
symplectic form,85,0.0010180542543748701
modular property,85,0.0010180542543748701
susy gauge,85,0.0010180542543748701
topological vertex,85,0.0010180542543748701
effective lagrangians,85,0.0010180542543748701
final result,85,0.0010180542543748701
topological structure,85,0.0010180542543748701
dynamical field,85,0.0010180542543748701
several aspect,85,0.0010180542543748701
finite temperature and density,58,0.0010176765466844496
holographic renormalization group,67,0.0010125997230341743
one-loop quantum correction,67,0.0010125997230341743
black hole microstates,67,0.0010125997230341743
relative entropy,84,0.0010060771454998715
conformal matter,84,0.0010060771454998715
effective model,84,0.0010060771454998715
integral formula,84,0.0010060771454998715
effective supergravity,84,0.0010060771454998715
possible relation,84,0.0010060771454998715
essential role,84,0.0010060771454998715
massive thirring,84,0.0010060771454998715
dynamical degree,84,0.0010060771454998715
nonzero temperature,84,0.0010060771454998715
super-yang-mills theory,84,0.0010060771454998715
diverse dimension,84,0.0010060771454998715
logarithmic divergence,84,0.0010060771454998715
particular interest,84,0.0010060771454998715
simple derivation,84,0.0010060771454998715
holographic dark,84,0.0010060771454998715
gromov-witten invariant,84,0.0010060771454998715
light front,84,0.0010060771454998715
physical field,84,0.0010060771454998715
detailed discussion,84,0.0010060771454998715
three-point correlation,84,0.0010060771454998715
heavy ion,84,0.0010060771454998715
open bosonic,84,0.0010060771454998715
open superstring,84,0.0010060771454998715
various example,84,0.0010060771454998715
null vector,84,0.0010060771454998715
standard model gauge,66,0.0009974862943321716
mathematical physic,83,0.000994100036624873
large charge,83,0.000994100036624873
dynkin diagram,83,0.000994100036624873
new formula,83,0.000994100036624873
closed expression,83,0.000994100036624873
quadratic action,83,0.000994100036624873
careful analysis,83,0.000994100036624873
current density,83,0.000994100036624873
marginal stability,83,0.000994100036624873
n-point function,83,0.000994100036624873
geodesic equation,83,0.000994100036624873
sasaki-einstein manifold,83,0.000994100036624873
new technique,83,0.000994100036624873
metric fluctuation,83,0.000994100036624873
finite part,83,0.000994100036624873
continuous spectrum,83,0.000994100036624873
higgs phase,83,0.000994100036624873
one-matrix model,83,0.000994100036624873
asymptotic value,83,0.000994100036624873
second-order phase,83,0.000994100036624873
first order formalism,65,0.0009823728656301691
non-abelian gauge group,65,0.0009823728656301691
general coordinate transformation,65,0.0009823728656301691
non-zero temperature,82,0.0009821229277498747
negative tension,82,0.0009821229277498747
noncritical string,82,0.0009821229277498747
fundamental group,82,0.0009821229277498747
linear response,82,0.0009821229277498747
conformal boundary,82,0.0009821229277498747
integral method,82,0.0009821229277498747
perturbative solution,82,0.0009821229277498747
basic idea,82,0.0009821229277498747
negative curvature,82,0.0009821229277498747
dual supergravity,82,0.0009821229277498747
minimal area,82,0.0009821229277498747
non-trivial topology,82,0.0009821229277498747
internal energy,82,0.0009821229277498747
symmetric representation,82,0.0009821229277498747
explicit realization,82,0.0009821229277498747
algebraic approach,82,0.0009821229277498747
exceptional group,82,0.0009821229277498747
ads_4 x,82,0.0009821229277498747
certain type,82,0.0009821229277498747
geometric transition,82,0.0009821229277498747
possible connection,82,0.0009821229277498747
massive case,82,0.0009821229277498747
gravitational correction,82,0.0009821229277498747
topological gauge,82,0.0009821229277498747
noncommutative yang-mills,81,0.0009701458188748762
two-dimensional field,81,0.0009701458188748762
constant term,81,0.0009701458188748762
global u,81,0.0009701458188748762
non-geometric flux,81,0.0009701458188748762
marginal operator,81,0.0009701458188748762
quadratic term,81,0.0009701458188748762
physical spectrum,81,0.0009701458188748762
heterotic m-theory,81,0.0009701458188748762
qualitative feature,81,0.0009701458188748762
ward-takahashi identity,81,0.0009701458188748762
noncommutative theory,81,0.0009701458188748762
thermal field,81,0.0009701458188748762
scalar qed,81,0.0009701458188748762
ava-lifshitz gravity,81,0.0009701458188748762
brief discussion,81,0.0009701458188748762
geometrical structure,81,0.0009701458188748762
single particle,81,0.0009701458188748762
time-dependent solution,81,0.0009701458188748762
superconformal chern-simons theory,64,0.0009672594369281664
classical field equation,64,0.0009672594369281664
euclidean quantum gravity,64,0.0009672594369281664
global symmetry group,64,0.0009672594369281664
topological string partition,64,0.0009672594369281664
non-commutative gauge theory,64,0.0009672594369281664
thermo field dynamic,64,0.0009672594369281664
low energy effective field,55,0.0009650381046145642
new light,80,0.0009581687099998777
algebraic curve,80,0.0009581687099998777
supersymmetric configuration,80,0.0009581687099998777
horizon area,80,0.0009581687099998777
space-time geometry,80,0.0009581687099998777
holographic correspondence,80,0.0009581687099998777
free quantum,80,0.0009581687099998777
imaginary time,80,0.0009581687099998777
massive spin,80,0.0009581687099998777
effective interaction,80,0.0009581687099998777
unitary matrix,80,0.0009581687099998777
singular vector,80,0.0009581687099998777
sinh-gordon model,80,0.0009581687099998777
black-hole solution,80,0.0009581687099998777
spin connection,80,0.0009581687099998777
einstein-maxwell-dilaton theory,80,0.0009581687099998777
electromagnetic interaction,80,0.0009581687099998777
higher-spin gauge,80,0.0009581687099998777
soft theorem,80,0.0009581687099998777
chiral schwinger model,63,0.0009521460082261639
cosmic censorship conjecture,63,0.0009521460082261639
thermal field theory,63,0.0009521460082261639
high temperature limit,63,0.0009521460082261639
nekrasov partition function,63,0.0009521460082261639
finite size correction,63,0.0009521460082261639
precise agreement,79,0.0009461916011248793
conformal quantum,79,0.0009461916011248793
critical behaviour,79,0.0009461916011248793
standard quantum,79,0.0009461916011248793
boundary action,79,0.0009461916011248793
symmetric product,79,0.0009461916011248793
antisymmetric representation,79,0.0009461916011248793
general model,79,0.0009461916011248793
supersymmetric ad,79,0.0009461916011248793
gauss-bonnet coupling,79,0.0009461916011248793
chiral multiplet,79,0.0009461916011248793
transverse space,79,0.0009461916011248793
other theory,79,0.0009461916011248793
thermodynamical quantity,79,0.0009461916011248793
einstein-gauss-bonnet gravity,79,0.0009461916011248793
interesting case,79,0.0009461916011248793
instanton solution,79,0.0009461916011248793
heavy ion collision,62,0.0009370325795241614
quantum gravity effect,62,0.0009370325795241614
weak coupling limit,62,0.0009370325795241614
topological sigma model,62,0.0009370325795241614
massive gauge theory,62,0.0009370325795241614
big bang singularity,62,0.0009370325795241614
near horizon limit,62,0.0009370325795241614
holographic rg flow,62,0.0009370325795241614
spectral dimension,78,0.0009342144922498807
geometric approach,78,0.0009342144922498807
weak interaction,78,0.0009342144922498807
other method,78,0.0009342144922498807
second quantization,78,0.0009342144922498807
n f,78,0.0009342144922498807
correlation function,78,0.0009342144922498807
majorana fermion,78,0.0009342144922498807
unstable mode,78,0.0009342144922498807
tadpole cancellation,78,0.0009342144922498807
supersymmetric chern-simons,78,0.0009342144922498807
large family,78,0.0009342144922498807
effective hamiltonian,78,0.0009342144922498807
stationary point,78,0.0009342144922498807
sachdev-ye-kitaev model,78,0.0009342144922498807
brownian motion,78,0.0009342144922498807
large gauge,78,0.0009342144922498807
internal degree,78,0.0009342144922498807
higher-spin field,78,0.0009342144922498807
higher-derivative term,78,0.0009342144922498807
three-dimensional gravity,78,0.0009342144922498807
flat solution,78,0.0009342144922498807
universal property,78,0.0009342144922498807
noncommutative space-time,78,0.0009342144922498807
reduced phase,78,0.0009342144922498807
supersymmetric standard,77,0.0009222373833748823
corresponding field,77,0.0009222373833748823
abelian case,77,0.0009222373833748823
one-loop calculation,77,0.0009222373833748823
particular model,77,0.0009222373833748823
scale invariant,77,0.0009222373833748823
low-energy dynamic,77,0.0009222373833748823
massive string,77,0.0009222373833748823
-dimensional spacetime,77,0.0009222373833748823
important feature,77,0.0009222373833748823
earlier paper,77,0.0009222373833748823
limiting case,77,0.0009222373833748823
scalar sector,77,0.0009222373833748823
heterotic compactifications,77,0.0009222373833748823
finite distance,77,0.0009222373833748823
fermionic sector,77,0.0009222373833748823
classical vacuum,77,0.0009222373833748823
standard result,77,0.0009222373833748823
arbitrary representation,77,0.0009222373833748823
five-dimensional supergravity,77,0.0009222373833748823
systematic approach,77,0.0009222373833748823
langevin equation,77,0.0009222373833748823
bosonic case,77,0.0009222373833748823
nonlinear equation,77,0.0009222373833748823
fermionic zero mode,61,0.0009219191508221587
central charge c,61,0.0009219191508221587
weak coupling regime,61,0.0009219191508221587
one-loop partition function,61,0.0009219191508221587
topological gauge theory,61,0.0009219191508221587
analytic function,76,0.0009102602744998838
four-dimensional space-time,76,0.0009102602744998838
near-horizon region,76,0.0009102602744998838
graceful exit,76,0.0009102602744998838
relativistic string,76,0.0009102602744998838
phenomenological implication,76,0.0009102602744998838
canonical variable,76,0.0009102602744998838
specific form,76,0.0009102602744998838
holographic complexity,76,0.0009102602744998838
new symmetry,76,0.0009102602744998838
linear order,76,0.0009102602744998838
solitonic solution,76,0.0009102602744998838
approximate solution,76,0.0009102602744998838
steady state,76,0.0009102602744998838
global charge,76,0.0009102602744998838
toric geometry,76,0.0009102602744998838
physical parameter,76,0.0009102602744998838
eigenvalue distribution,76,0.0009102602744998838
short note,76,0.0009102602744998838
uv cutoff,76,0.0009102602744998838
lagrangian formalism,76,0.0009102602744998838
algebraic geometry,76,0.0009102602744998838
circular wilson,76,0.0009102602744998838
extremal surface,76,0.0009102602744998838
compact lie group,60,0.000906805722120156
black hole interior,60,0.000906805722120156
effective string theory,60,0.000906805722120156
boundary stress tensor,60,0.000906805722120156
noncommutative quantum mechanic,60,0.000906805722120156
affine toda field,60,0.000906805722120156
systematic analysis,75,0.0008982831656248854
generalized geometry,75,0.0008982831656248854
variational method,75,0.0008982831656248854
high spin,75,0.0008982831656248854
original model,75,0.0008982831656248854
new version,75,0.0008982831656248854
conformal space,75,0.0008982831656248854
hooft limit,75,0.0008982831656248854
four-point amplitude,75,0.0008982831656248854
key feature,75,0.0008982831656248854
finite set,75,0.0008982831656248854
first one,75,0.0008982831656248854
true vacuum,75,0.0008982831656248854
wave equation,75,0.0008982831656248854
phenomenological model,75,0.0008982831656248854
different kind,75,0.0008982831656248854
thermal bath,75,0.0008982831656248854
boundary operator,75,0.0008982831656248854
anharmonic oscillator,75,0.0008982831656248854
extended version,75,0.0008982831656248854
non-commutative gauge,75,0.0008982831656248854
large time,75,0.0008982831656248854
linear potential,75,0.0008982831656248854
cubic vertex,75,0.0008982831656248854
massive spin-2,75,0.0008982831656248854
new representation,75,0.0008982831656248854
tachyonic instability,75,0.0008982831656248854
schwarzschild-de sitter,75,0.0008982831656248854
green  s,59,0.0008916922934181534
quantum information theory,59,0.0008916922934181534
two-dimensional dilaton gravity,59,0.0008916922934181534
holomorphic vector bundle,59,0.0008916922934181534
n +,74,0.0008863060567498869
entangled state,74,0.0008863060567498869
ordinary matter,74,0.0008863060567498869
additional symmetry,74,0.0008863060567498869
critical theory,74,0.0008863060567498869
partial breaking,74,0.0008863060567498869
new gauge,74,0.0008863060567498869
different mass,74,0.0008863060567498869
different number,74,0.0008863060567498869
time-dependent background,74,0.0008863060567498869
ale space,74,0.0008863060567498869
dynamical evolution,74,0.0008863060567498869
vacuum expectation,74,0.0008863060567498869
ads_3 x,74,0.0008863060567498869
anomalous u,74,0.0008863060567498869
illustrative example,74,0.0008863060567498869
cosmological scale,74,0.0008863060567498869
semi-classical limit,74,0.0008863060567498869
integral measure,74,0.0008863060567498869
direct consequence,74,0.0008863060567498869
symplectic manifold,74,0.0008863060567498869
initial value problem,58,0.0008765788647161509
asymptotic symmetry group,58,0.0008765788647161509
linear dilaton background,58,0.0008765788647161509
general gauge theory,58,0.0008765788647161509
flat space limit,58,0.0008765788647161509
collective field theory,58,0.0008765788647161509
local field theory,58,0.0008765788647161509
relativistic wave equation,58,0.0008765788647161509
young tableau,73,0.0008743289478748885
transverse direction,73,0.0008743289478748885
deformed theory,73,0.0008743289478748885
scalar coupling,73,0.0008743289478748885
dynamical generation,73,0.0008743289478748885
weak energy,73,0.0008743289478748885
two-dimensional dilaton,73,0.0008743289478748885
hooft anomaly,73,0.0008743289478748885
exponential growth,73,0.0008743289478748885
compact expression,73,0.0008743289478748885
einstein field,73,0.0008743289478748885
specific choice,73,0.0008743289478748885
light-cone quantization,73,0.0008743289478748885
soft graviton,73,0.0008743289478748885
common feature,73,0.0008743289478748885
new field,73,0.0008743289478748885
toroidal compactifications,73,0.0008743289478748885
spontaneous compactification,72,0.0008623518389998899
corresponding quantum,72,0.0008623518389998899
physical effect,72,0.0008623518389998899
real parameter,72,0.0008623518389998899
complete solution,72,0.0008623518389998899
different class,72,0.0008623518389998899
infrared behavior,72,0.0008623518389998899
quadratic form,72,0.0008623518389998899
slow-roll parameter,72,0.0008623518389998899
-dimensional gravity,72,0.0008623518389998899
different vacuum,72,0.0008623518389998899
geometric description,72,0.0008623518389998899
f-theory model,72,0.0008623518389998899
soft limit,72,0.0008623518389998899
exceptional field,72,0.0008623518389998899
different model,72,0.0008623518389998899
fermionic system,72,0.0008623518389998899
global ad,72,0.0008623518389998899
orbifold compactifications,72,0.0008623518389998899
few year,72,0.0008623518389998899
two-dimensional string,72,0.0008623518389998899
simplest model,72,0.0008623518389998899
particular solution,72,0.0008623518389998899
noncommutative yang-mills theory,57,0.0008614654360141482
non-critical string theory,57,0.0008614654360141482
mean field theory,57,0.0008614654360141482
perturbative string theory,57,0.0008614654360141482
negative energy density,57,0.0008614654360141482
euclidean signature,71,0.0008503747301248914
such configuration,71,0.0008503747301248914
direct calculation,71,0.0008503747301248914
two-parameter family,71,0.0008503747301248914
odd number,71,0.0008503747301248914
linearized equation,71,0.0008503747301248914
potential application,71,0.0008503747301248914
canonical formulation,71,0.0008503747301248914
additional constraint,71,0.0008503747301248914
quadratic curvature,71,0.0008503747301248914
canonical form,71,0.0008503747301248914
ir limit,71,0.0008503747301248914
quartic term,71,0.0008503747301248914
heterotic theory,71,0.0008503747301248914
affine kac-moody,71,0.0008503747301248914
complex manifold,71,0.0008503747301248914
negative mass,71,0.0008503747301248914
non-commutative space,71,0.0008503747301248914
no-hair theorem,71,0.0008503747301248914
knizhnik-zamolodchikov equation,71,0.0008503747301248914
fixed value,71,0.0008503747301248914
lens space,71,0.0008503747301248914
corresponding solution,71,0.0008503747301248914
gravitational instanton,71,0.0008503747301248914
dirac-born-infeld action,71,0.0008503747301248914
potential barrier,71,0.0008503747301248914
dbi action,71,0.0008503747301248914
possible existence,71,0.0008503747301248914
opposite sign,70,0.000838397621249893
geometric property,70,0.000838397621249893
giant magnons,70,0.000838397621249893
holographic screen,70,0.000838397621249893
systematic procedure,70,0.000838397621249893
few example,70,0.000838397621249893
euler-lagrange equation,70,0.000838397621249893
fermi liquid,70,0.000838397621249893
cosmological observation,70,0.000838397621249893
such term,70,0.000838397621249893
different dimension,70,0.000838397621249893
asymptotic state,70,0.000838397621249893
lorentz covariance,70,0.000838397621249893
initial singularity,70,0.000838397621249893
corresponding gauge,70,0.000838397621249893
high order,70,0.000838397621249893
enhanced symmetry,70,0.000838397621249893
critical system,70,0.000838397621249893
useful tool,70,0.000838397621249893
integrable quantum,70,0.000838397621249893
einstein-hilbert term,70,0.000838397621249893
s matrix,70,0.000838397621249893
deconfined phase,70,0.000838397621249893
rich structure,70,0.000838397621249893
nambu-goto string,70,0.000838397621249893
closed timelike curve,55,0.000831238578610143
black hole phase,55,0.000831238578610143
conformal space approach,55,0.000831238578610143
hermitian matrix model,55,0.000831238578610143
n=4 gauge theory,55,0.000831238578610143
one-dimensional quantum,69,0.0008264205123748946
geometrical property,69,0.0008264205123748946
characteristic feature,69,0.0008264205123748946
symmetric spacetimes,69,0.0008264205123748946
unitary group,69,0.0008264205123748946
tachyon potential,69,0.0008264205123748946
skyrme model,69,0.0008264205123748946
many example,69,0.0008264205123748946
holographic interpretation,69,0.0008264205123748946
unitary transformation,69,0.0008264205123748946
neutron star,69,0.0008264205123748946
extended theory,69,0.0008264205123748946
schwarzschild radius,69,0.0008264205123748946
algebraic equation,69,0.0008264205123748946
n=4 yang-mills,69,0.0008264205123748946
bosonic theory,69,0.0008264205123748946
coupled system,69,0.0008264205123748946
special limit,69,0.0008264205123748946
qualitative agreement,69,0.0008264205123748946
unitary evolution,69,0.0008264205123748946
symmetric background,69,0.0008264205123748946
stable vacuum,69,0.0008264205123748946
higher spin symmetry,54,0.0008161251499081405
dynamical mass generation,54,0.0008161251499081405
modified dispersion relation,54,0.0008161251499081405
spontaneous supersymmetry breaking,54,0.0008161251499081405
two-dimensional sigma model,54,0.0008161251499081405
scalar field equation,54,0.0008161251499081405
free quantum field,54,0.0008161251499081405
chiral perturbation theory,54,0.0008161251499081405
scalar-tensor gravity,68,0.0008144434034998961
interesting example,68,0.0008144434034998961
thermal entropy,68,0.0008144434034998961
traversable wormhole,68,0.0008144434034998961
relativistic fluid,68,0.0008144434034998961
calabi-yau fourfolds,68,0.0008144434034998961
compact lie,68,0.0008144434034998961
modified theory,68,0.0008144434034998961
noncommutative version,68,0.0008144434034998961
early stage,68,0.0008144434034998961
wide variety,68,0.0008144434034998961
dimensional manifold,68,0.0008144434034998961
relevant deformation,68,0.0008144434034998961
nontrivial topology,68,0.0008144434034998961
essential ingredient,68,0.0008144434034998961
metric function,68,0.0008144434034998961
non-trivial solution,68,0.0008144434034998961
well-known result,68,0.0008144434034998961
gravitational model,68,0.0008144434034998961
leading order,68,0.0008144434034998961
global property,68,0.0008144434034998961
2-d gravity,68,0.0008144434034998961
short review,68,0.0008144434034998961
thick brane,68,0.0008144434034998961
slavnov-taylor identity,68,0.0008144434034998961
effective dynamic,68,0.0008144434034998961
cosmological parameter,68,0.0008144434034998961
critical string,68,0.0008144434034998961
global monopole,68,0.0008144434034998961
total derivative,68,0.0008144434034998961
asymptotic solution,68,0.0008144434034998961
lowest energy,67,0.0008024662946248977
present author,67,0.0008024662946248977
perturbative result,67,0.0008024662946248977
hubble scale,67,0.0008024662946248977
one-loop renormalization,67,0.0008024662946248977
perturbative renormalization,67,0.0008024662946248977
chiral schwinger,67,0.0008024662946248977
small distance,67,0.0008024662946248977
detailed balance,67,0.0008024662946248977
gravitational system,67,0.0008024662946248977
real form,67,0.0008024662946248977
gyromagnetic ratio,67,0.0008024662946248977
n=4 supersymmetry,67,0.0008024662946248977
chiral theory,67,0.0008024662946248977
most case,67,0.0008024662946248977
topological yang-mills,67,0.0008024662946248977
linear system,67,0.0008024662946248977
bianchi identity,67,0.0008024662946248977
theoretical framework,67,0.0008024662946248977
thermo field,67,0.0008024662946248977
vacuum solution,67,0.0008024662946248977
non-abelian theory,67,0.0008024662946248977
superconformal invariance,67,0.0008024662946248977
superconformal gauge,67,0.0008024662946248977
large separation,67,0.0008024662946248977
composite field,67,0.0008024662946248977
finite group,67,0.0008024662946248977
non-abelian generalization,67,0.0008024662946248977
cosmological application,67,0.0008024662946248977
open spin chain,53,0.0008010117212061379
higher curvature term,53,0.0008010117212061379
primordial power spectrum,53,0.0008010117212061379
boundary value problem,53,0.0008010117212061379
wess-zumino consistency condition,53,0.0008010117212061379
spectral property,66,0.0007904891857498991
\cal m,66,0.0007904891857498991
physical process,66,0.0007904891857498991
fermionic matter,66,0.0007904891857498991
non-linear realization,66,0.0007904891857498991
functional method,66,0.0007904891857498991
renormalizable theory,66,0.0007904891857498991
real line,66,0.0007904891857498991
asymptotic bethe,66,0.0007904891857498991
four-dimensional string,66,0.0007904891857498991
simple relation,66,0.0007904891857498991
stable solution,66,0.0007904891857498991
liouville equation,66,0.0007904891857498991
extra space,66,0.0007904891857498991
